batch,file_id,filename,url
Batch_1,1lpt6i9YhwRT618nVvBBlht4CeCkriJnt,img_4ih2ggld_BSE.tif,https://drive.google.com/file/d/1lpt6i9YhwRT618nVvBBlht4CeCkriJnt/view?usp=drive_web
Batch_1,1W5h5xB0TLoURKfTycFXj0RHCN1AZIn9u,img_4ih2ggld_ETD.tif,https://drive.google.com/file/d/1W5h5xB0TLoURKfTycFXj0RHCN1AZIn9u/view?usp=drive_web
Batch_1,1jJBcBkKH206tlNAhFLsl7PO96C_tU0_m,img_4ih2ggld_Inlens.tif,https://drive.google.com/file/d/1jJBcBkKH206tlNAhFLsl7PO96C_tU0_m/view?usp=drive_web
Batch_1,1OMW02Ix1tptQvn7MmS1O0iQAWPWNbWu5,img_5n1q8atc_BSE.tif,https://drive.google.com/file/d/1OMW02Ix1tptQvn7MmS1O0iQAWPWNbWu5/view?usp=drive_web
Batch_1,1VaczWQ339C-Do73vKSJagxg3BojfW9cI,img_5n1q8atc_ETD.tif,https://drive.google.com/file/d/1VaczWQ339C-Do73vKSJagxg3BojfW9cI/view?usp=drive_web
Batch_1,12TF_tqtMmzqjjbAKp-VEK3VV4U79QX2R,img_5n1q8atc_Inlens.tif,https://drive.google.com/file/d/12TF_tqtMmzqjjbAKp-VEK3VV4U79QX2R/view?usp=drive_web
Batch_1,1JJRGZMRxdP_uVVcgo8jxlTDnlW6EyGZo,img_f1vzngrs_BSE.tif,https://drive.google.com/file/d/1JJRGZMRxdP_uVVcgo8jxlTDnlW6EyGZo/view?usp=drive_web
Batch_1,1bYlyylHrFGxX4aQ-88IXSe4A4QJFjli2,img_f1vzngrs_ETD.tif,https://drive.google.com/file/d/1bYlyylHrFGxX4aQ-88IXSe4A4QJFjli2/view?usp=drive_web
Batch_1,1dwk4ktBB6HitGmXrQKRyHEdhM5saVzNF,img_f1vzngrs_Inlens.tif,https://drive.google.com/file/d/1dwk4ktBB6HitGmXrQKRyHEdhM5saVzNF/view?usp=drive_web
Batch_1,1nIipRX208ZSFJATntrN7Q9unEHjJh4yw,img_ffwubibz_BSE.tif,https://drive.google.com/file/d/1nIipRX208ZSFJATntrN7Q9unEHjJh4yw/view?usp=drive_web
Batch_1,17PkkjIDE11BtRhkzr_cnHxtiW83PSQPI,img_ffwubibz_ETD.tif,https://drive.google.com/file/d/17PkkjIDE11BtRhkzr_cnHxtiW83PSQPI/view?usp=drive_web
Batch_1,1aiS48XV02ymTrocBMkmwoo2YuGaLGwQZ,img_ffwubibz_Inlens.tif,https://drive.google.com/file/d/1aiS48XV02ymTrocBMkmwoo2YuGaLGwQZ/view?usp=drive_web
Batch_1,1dsKgDbWP5X6IhOG9FL_AIdQuhGlhYOh1,img_fzrt2k6r_BSE.tif,https://drive.google.com/file/d/1dsKgDbWP5X6IhOG9FL_AIdQuhGlhYOh1/view?usp=drive_web
Batch_1,1E-xfL0jenXioYtiTYghrXJIuwrL97e0d,img_fzrt2k6r_ETD.tif,https://drive.google.com/file/d/1E-xfL0jenXioYtiTYghrXJIuwrL97e0d/view?usp=drive_web
Batch_1,1MXTxQpZCBCUCIJ5ovqDgxfy977o2qeVf,img_fzrt2k6r_Inlens.tif,https://drive.google.com/file/d/1MXTxQpZCBCUCIJ5ovqDgxfy977o2qeVf/view?usp=drive_web
Batch_1,1NPkaHkvF1xWSAD8lMyZ-CcATPPDS6IQ6,img_iv6g2oq0_BSE.tif,https://drive.google.com/file/d/1NPkaHkvF1xWSAD8lMyZ-CcATPPDS6IQ6/view?usp=drive_web
Batch_1,1Pt4PUwHDNdNKdWv2Lyc4GGG5-Bz7OhE6,img_iv6g2oq0_ETD.tif,https://drive.google.com/file/d/1Pt4PUwHDNdNKdWv2Lyc4GGG5-Bz7OhE6/view?usp=drive_web
Batch_1,15caHyhpoVjGHLJbk8nrTIJ_716QTMhFm,img_iv6g2oq0_Inlens.tif,https://drive.google.com/file/d/15caHyhpoVjGHLJbk8nrTIJ_716QTMhFm/view?usp=drive_web
Batch_1,1XkEbvTpdkIZJhk9aLNyLMXrS7SglygRA,img_uhdslk0o_BSE.tif,https://drive.google.com/file/d/1XkEbvTpdkIZJhk9aLNyLMXrS7SglygRA/view?usp=drive_web
Batch_1,1zkWm3Kf2SY8IcozzemCAV9idg8Vk9RvQ,img_uhdslk0o_ETD.tif,https://drive.google.com/file/d/1zkWm3Kf2SY8IcozzemCAV9idg8Vk9RvQ/view?usp=drive_web
Batch_1,1HKzrITB2h1fy15iM9LMBFz4qZ25xDFJb,img_uhdslk0o_Inlens.tif,https://drive.google.com/file/d/1HKzrITB2h1fy15iM9LMBFz4qZ25xDFJb/view?usp=drive_web
Batch_2,1AsqQNE_rP3sOyGsxvs1Adu569vpvQWyv,img_3806gxp0_BSE.tif,https://drive.google.com/file/d/1AsqQNE_rP3sOyGsxvs1Adu569vpvQWyv/view?usp=drive_web
Batch_2,1jruHtxK7wE516HyjQmEmpQDJLq1neyXs,img_3806gxp0_ETD.tif,https://drive.google.com/file/d/1jruHtxK7wE516HyjQmEmpQDJLq1neyXs/view?usp=drive_web
Batch_2,1v8-_4E3wjvC-KivB7JGQAcunBHt2Wafx,img_3806gxp0_Inlens.tif,https://drive.google.com/file/d/1v8-_4E3wjvC-KivB7JGQAcunBHt2Wafx/view?usp=drive_web
Batch_2,1aey37TkhHBdgfnkA9qiCUrGnuTBUhe8h,img_avn74qx1_BSE.tif,https://drive.google.com/file/d/1aey37TkhHBdgfnkA9qiCUrGnuTBUhe8h/view?usp=drive_web
Batch_2,1QxrYTerAXvNLLNDXfIqB4okpL3qdj6A5,img_avn74qx1_ETD.tif,https://drive.google.com/file/d/1QxrYTerAXvNLLNDXfIqB4okpL3qdj6A5/view?usp=drive_web
Batch_2,1RGn4wab2gujcGi8DFvG9Q_m4Eud7gD4d,img_avn74qx1_Inlens.tif,https://drive.google.com/file/d/1RGn4wab2gujcGi8DFvG9Q_m4Eud7gD4d/view?usp=drive_web
Batch_2,1hiN-4zkSaVWIp2lIVlKgUCjHfe2egCZn,img_b3esycq1_BSE.tif,https://drive.google.com/file/d/1hiN-4zkSaVWIp2lIVlKgUCjHfe2egCZn/view?usp=drive_web
Batch_2,1lAJnqIAze4vALch0spCsWbJOoPe6ciij,img_b3esycq1_ETD.tif,https://drive.google.com/file/d/1lAJnqIAze4vALch0spCsWbJOoPe6ciij/view?usp=drive_web
Batch_2,1iJqmdSvO66_9u236AHY0ARu5ZOe1Cl8Z,img_b3esycq1_Inlens.tif,https://drive.google.com/file/d/1iJqmdSvO66_9u236AHY0ARu5ZOe1Cl8Z/view?usp=drive_web
Batch_2,17BaQ1GavxitPYLDDTsmI52nDVPbKPrr0,img_epqdaau9_BSE.tif,https://drive.google.com/file/d/17BaQ1GavxitPYLDDTsmI52nDVPbKPrr0/view?usp=drive_web
Batch_2,1KZvrZQDIjEHFEzfYXbpKB_dnSaQTMGkl,img_epqdaau9_ETD.tif,https://drive.google.com/file/d/1KZvrZQDIjEHFEzfYXbpKB_dnSaQTMGkl/view?usp=drive_web
Batch_2,1GFRtJw1vWZvYPyR4pueJVMAajjbYgJRa,img_epqdaau9_Inlens.tif,https://drive.google.com/file/d/1GFRtJw1vWZvYPyR4pueJVMAajjbYgJRa/view?usp=drive_web
Batch_2,1LzNSsK8ZjX8QRi-Yn3qV3VOZD-LXLB7p,img_i9jiqjwl_BSE.tif,https://drive.google.com/file/d/1LzNSsK8ZjX8QRi-Yn3qV3VOZD-LXLB7p/view?usp=drive_web
Batch_2,1ZBS8zerAPK6dTexqjqJa12rT1nSgOSZ8,img_i9jiqjwl_ETD.tif,https://drive.google.com/file/d/1ZBS8zerAPK6dTexqjqJa12rT1nSgOSZ8/view?usp=drive_web
Batch_2,1mDCrcBM_uonDckj556FA33KBQan4c_4e,img_i9jiqjwl_Inlens.tif,https://drive.google.com/file/d/1mDCrcBM_uonDckj556FA33KBQan4c_4e/view?usp=drive_web
Batch_2,1eueJyfKZES2z2wPgTs1xOOLdlqJjq_WD,img_r17byphk_BSE.tif,https://drive.google.com/file/d/1eueJyfKZES2z2wPgTs1xOOLdlqJjq_WD/view?usp=drive_web
Batch_2,1cUmPWEvgzWyPoJVeEKKCIOoqXdTFgm6a,img_r17byphk_ETD.tif,https://drive.google.com/file/d/1cUmPWEvgzWyPoJVeEKKCIOoqXdTFgm6a/view?usp=drive_web
Batch_2,19QlgI6r_fm3huO40mJBwEeobHndyaXF-,img_r17byphk_Inlens.tif,https://drive.google.com/file/d/19QlgI6r_fm3huO40mJBwEeobHndyaXF-/view?usp=drive_web
Batch_2,1IoUVcxbeV8YE3cNti7DLOVzcaBgQKv3Z,img_rxax5ozo_BSE.tif,https://drive.google.com/file/d/1IoUVcxbeV8YE3cNti7DLOVzcaBgQKv3Z/view?usp=drive_web
Batch_2,1YRHIsqINNB-CMAzwPN9Oooe3SM1I9Mp8,img_rxax5ozo_Inlens.tif,https://drive.google.com/file/d/1YRHIsqINNB-CMAzwPN9Oooe3SM1I9Mp8/view?usp=drive_web
Batch_2,1K0FyCRlS37j53CkWrshc8wlHCaNdIvcA,img_rxax5ozo_SE.tif,https://drive.google.com/file/d/1K0FyCRlS37j53CkWrshc8wlHCaNdIvcA/view?usp=drive_web
Batch_3,1wryY_9tzwl7SiDwkjCcY0_0X3x7N7j3C,img_0grcilhi_BSE.tif,https://drive.google.com/file/d/1wryY_9tzwl7SiDwkjCcY0_0X3x7N7j3C/view?usp=drive_web
Batch_3,1REwwfrvN18IxNpSZXo2B2SLwtAqfRk0K,img_0grcilhi_ETD.tif,https://drive.google.com/file/d/1REwwfrvN18IxNpSZXo2B2SLwtAqfRk0K/view?usp=drive_web
Batch_3,1MQTuRpeXWKhKvRVcRgtMtNfWPCAOo1w-,img_0grcilhi_Inlens.tif,https://drive.google.com/file/d/1MQTuRpeXWKhKvRVcRgtMtNfWPCAOo1w-/view?usp=drive_web
Batch_3,1_39X04wtnyuxOHrcEsiYkngczMYFrBgz,img_71vgq3fw_BSE.tif,https://drive.google.com/file/d/1_39X04wtnyuxOHrcEsiYkngczMYFrBgz/view?usp=drive_web
Batch_3,1pp5hMr5cXo_80aKm-e_gRA7dM44T4CDo,img_71vgq3fw_ETD.tif,https://drive.google.com/file/d/1pp5hMr5cXo_80aKm-e_gRA7dM44T4CDo/view?usp=drive_web
Batch_3,12q-VQzyV1JsNO7XosteUFJ1dzEaBm6qz,img_71vgq3fw_Inlens.tif,https://drive.google.com/file/d/12q-VQzyV1JsNO7XosteUFJ1dzEaBm6qz/view?usp=drive_web
Batch_3,1c3o_qryClrNQYuaUmpa1c3Jz5r68KSa7,img_9luzk4jm_BSE.tif,https://drive.google.com/file/d/1c3o_qryClrNQYuaUmpa1c3Jz5r68KSa7/view?usp=drive_web
Batch_3,1snaXZvEfRrBvWMrt-2-N5azWAF2fy_Cc,img_9luzk4jm_ETD.tif,https://drive.google.com/file/d/1snaXZvEfRrBvWMrt-2-N5azWAF2fy_Cc/view?usp=drive_web
Batch_3,1ESrI0s1WwcaoCrc5jqw1yRORy2h_tqza,img_9luzk4jm_Inlens.tif,https://drive.google.com/file/d/1ESrI0s1WwcaoCrc5jqw1yRORy2h_tqza/view?usp=drive_web
Batch_3,15SSYJ-oBskJnHumR4t9Jdl0oH0-go9vs,img_cfe5vt7s_BSE.tif,https://drive.google.com/file/d/15SSYJ-oBskJnHumR4t9Jdl0oH0-go9vs/view?usp=drive_web
Batch_3,1_GrD6AZPVzp8qYnUcvPpgJnKwWle2ffh,img_cfe5vt7s_ETD.tif,https://drive.google.com/file/d/1_GrD6AZPVzp8qYnUcvPpgJnKwWle2ffh/view?usp=drive_web
Batch_3,1hIptsPBBeEDFcXELz0RYDzzPbzPOOCzx,img_cfe5vt7s_Inlens.tif,https://drive.google.com/file/d/1hIptsPBBeEDFcXELz0RYDzzPbzPOOCzx/view?usp=drive_web
Batch_3,1DYtinHPKBEYA7gHh18_h3aG7PmgGxOIc,img_hawkfj64_BSE.tif,https://drive.google.com/file/d/1DYtinHPKBEYA7gHh18_h3aG7PmgGxOIc/view?usp=drive_web
Batch_3,1XEcXPgiMTkZfkkLVEnSmUzjppfRk5KSk,img_hawkfj64_ETD.tif,https://drive.google.com/file/d/1XEcXPgiMTkZfkkLVEnSmUzjppfRk5KSk/view?usp=drive_web
Batch_3,1bkaG2Pi3RV_-aFE_S3L_nubxXHlYiVQW,img_hawkfj64_Inlens.tif,https://drive.google.com/file/d/1bkaG2Pi3RV_-aFE_S3L_nubxXHlYiVQW/view?usp=drive_web
Batch_3,1-n6akGKFjGzBLunVCTeneMpzJ5yyiVSM,img_hzumfsms_BSE.tif,https://drive.google.com/file/d/1-n6akGKFjGzBLunVCTeneMpzJ5yyiVSM/view?usp=drive_web
Batch_3,1jXEdWx1hO8ACQUY_toUngFOST7B3kf6o,img_hzumfsms_ETD.tif,https://drive.google.com/file/d/1jXEdWx1hO8ACQUY_toUngFOST7B3kf6o/view?usp=drive_web
Batch_3,1zwgkCltr8nlsoPV77cYnM24-MPGpOsP1,img_hzumfsms_Inlens.tif,https://drive.google.com/file/d/1zwgkCltr8nlsoPV77cYnM24-MPGpOsP1/view?usp=drive_web
Batch_3,1rs2pJ5wWL7vaTjpNdt73vXJZAkXk6DAk,img_kbdh4tri_BSE.tif,https://drive.google.com/file/d/1rs2pJ5wWL7vaTjpNdt73vXJZAkXk6DAk/view?usp=drive_web
Batch_3,1l-vUVOsV4hcuTnzw6dVQSxG6XQ2Nnhxk,img_kbdh4tri_ETD.tif,https://drive.google.com/file/d/1l-vUVOsV4hcuTnzw6dVQSxG6XQ2Nnhxk/view?usp=drive_web
Batch_3,1_F9vyY667fIzyXmcIweToDTQpkdaIrZp,img_kbdh4tri_Inlens.tif,https://drive.google.com/file/d/1_F9vyY667fIzyXmcIweToDTQpkdaIrZp/view?usp=drive_web
Batch_3,1vxM1azsbpLRWrcVLqaA2FZqtQRtoDv_e,img_mgxahqnk_BSE.tif,https://drive.google.com/file/d/1vxM1azsbpLRWrcVLqaA2FZqtQRtoDv_e/view?usp=drive_web
Batch_3,1u8rTqoPszqz56YjaaVm-cHCgLYwrPBuU,img_mgxahqnk_ETD.tif,https://drive.google.com/file/d/1u8rTqoPszqz56YjaaVm-cHCgLYwrPBuU/view?usp=drive_web
Batch_3,1OnnHp_TIj7TWcXP1AoWqXjE3MSCW7XrT,img_mgxahqnk_Inlens.tif,https://drive.google.com/file/d/1OnnHp_TIj7TWcXP1AoWqXjE3MSCW7XrT/view?usp=drive_web
Batch_3,19eHHpWh20L69OHGzXqqGfDFjuRtfIUA0,img_pl8uabbv_BSE.tif,https://drive.google.com/file/d/19eHHpWh20L69OHGzXqqGfDFjuRtfIUA0/view?usp=drive_web
Batch_3,15VaPv5e7uQYfgl6zCyh4mq4YZRT5H9pM,img_pl8uabbv_ETD.tif,https://drive.google.com/file/d/15VaPv5e7uQYfgl6zCyh4mq4YZRT5H9pM/view?usp=drive_web
Batch_3,1K3tXKQsazf0MnlLVdyq4LEdLHWl17pSd,img_pl8uabbv_Inlens.tif,https://drive.google.com/file/d/1K3tXKQsazf0MnlLVdyq4LEdLHWl17pSd/view?usp=drive_web
Batch_3,13FZ0SKnuMRWqEQo9hQEu3670Z4MugfzL,img_ptg8lmto_BSE.tif,https://drive.google.com/file/d/13FZ0SKnuMRWqEQo9hQEu3670Z4MugfzL/view?usp=drive_web
Batch_3,1dGSPIlcy2wLqus95Oo8xUfOz0-hw3T-N,img_ptg8lmto_ETD.tif,https://drive.google.com/file/d/1dGSPIlcy2wLqus95Oo8xUfOz0-hw3T-N/view?usp=drive_web
Batch_3,1Ye4b7ZASmR-lfGRGvR1SS9oeiccBhZ85,img_ptg8lmto_Inlens.tif,https://drive.google.com/file/d/1Ye4b7ZASmR-lfGRGvR1SS9oeiccBhZ85/view?usp=drive_web
Batch_3,1LFV_JLg4wYqlTmHXZaldEXDzlmOGjScz,img_tuy3zymq_BSE.tif,https://drive.google.com/file/d/1LFV_JLg4wYqlTmHXZaldEXDzlmOGjScz/view?usp=drive_web
Batch_3,1pT8jDelzLvp4VXg75Pcox2Z3-IGg2tQH,img_tuy3zymq_ETD.tif,https://drive.google.com/file/d/1pT8jDelzLvp4VXg75Pcox2Z3-IGg2tQH/view?usp=drive_web
Batch_3,1GRxFTd3XlFjLfef821CL6iSAKx5-R4Lw,img_tuy3zymq_Inlens.tif,https://drive.google.com/file/d/1GRxFTd3XlFjLfef821CL6iSAKx5-R4Lw/view?usp=drive_web
Batch_3,1hwFyxCSisld_ivzQvObyrcZys7HkSoF7,img_ufdvpb81_BSE.tif,https://drive.google.com/file/d/1hwFyxCSisld_ivzQvObyrcZys7HkSoF7/view?usp=drive_web
Batch_3,1UQ2SgzLwQ4H1AGHzew9QSWEF09NNuyIH,img_ufdvpb81_ETD.tif,https://drive.google.com/file/d/1UQ2SgzLwQ4H1AGHzew9QSWEF09NNuyIH/view?usp=drive_web
Batch_3,1ayBG7cC9zG_9xYFBCk4jE758JJDBvGIh,img_ufdvpb81_Inlens.tif,https://drive.google.com/file/d/1ayBG7cC9zG_9xYFBCk4jE758JJDBvGIh/view?usp=drive_web
Batch_3,18OElwkaHf4INDYMuHa6zHF0bSqchn06L,img_utfgcjfa_BSE.tif,https://drive.google.com/file/d/18OElwkaHf4INDYMuHa6zHF0bSqchn06L/view?usp=drive_web
Batch_3,1I1K5nthjUHiCnKdEWD1Y2P4o4NNgiZWX,img_utfgcjfa_Inlens.tif,https://drive.google.com/file/d/1I1K5nthjUHiCnKdEWD1Y2P4o4NNgiZWX/view?usp=drive_web
Batch_3,1MkibkgzGTadeGf780GX5T7PYC4OHqBad,img_utfgcjfa_SE.tif,https://drive.google.com/file/d/1MkibkgzGTadeGf780GX5T7PYC4OHqBad/view?usp=drive_web
Batch_3,1x4BdkuwxDZNUk3MGR1VtXs-5rAEj2k8C,img_vc2whyaq_BSE.tif,https://drive.google.com/file/d/1x4BdkuwxDZNUk3MGR1VtXs-5rAEj2k8C/view?usp=drive_web
Batch_3,1rtZJ_Yi3wu0rnuo2bD3XbM5U207MLBm2,img_vc2whyaq_Inlens.tif,https://drive.google.com/file/d/1rtZJ_Yi3wu0rnuo2bD3XbM5U207MLBm2/view?usp=drive_web
Batch_3,1c-elqAv1vYIjuMIKKua94Bn7oLcNvxnb,img_vc2whyaq_SE.tif,https://drive.google.com/file/d/1c-elqAv1vYIjuMIKKua94Bn7oLcNvxnb/view?usp=drive_web
Batch_3,1Nb_aZo9YNYhpxjtuSR8QYAnpdXgan95K,img_x77cy643_BSE.tif,https://drive.google.com/file/d/1Nb_aZo9YNYhpxjtuSR8QYAnpdXgan95K/view?usp=drive_web
Batch_3,1i07isLskEgqEIC6SW8QK-QCZkJmvDRbS,img_x77cy643_Inlens.tif,https://drive.google.com/file/d/1i07isLskEgqEIC6SW8QK-QCZkJmvDRbS/view?usp=drive_web
Batch_3,1g7FYVPle7ZARbikUWXqEie9MNVzStspp,img_x77cy643_SE.tif,https://drive.google.com/file/d/1g7FYVPle7ZARbikUWXqEie9MNVzStspp/view?usp=drive_web
Batch_3,194tlTfNkAuJ2RVHM48KzkL1GsAgoHcyt,img_x7u69zsw_BSE.tif,https://drive.google.com/file/d/194tlTfNkAuJ2RVHM48KzkL1GsAgoHcyt/view?usp=drive_web
Batch_3,1G3vEsPf29u8TJ3eSISfcuDwMQ8a4QIwt,img_x7u69zsw_ETD.tif,https://drive.google.com/file/d/1G3vEsPf29u8TJ3eSISfcuDwMQ8a4QIwt/view?usp=drive_web
Batch_3,15cqYQ3QKKAz4oF4mfxPx4U0Psx4XZ6xr,img_x7u69zsw_Inlens.tif,https://drive.google.com/file/d/15cqYQ3QKKAz4oF4mfxPx4U0Psx4XZ6xr/view?usp=drive_web
Batch_3,1G3fnQRjAJWft31BzHkZ8xftu69SQs0G0,img_xgj4xftb_BSE.tif,https://drive.google.com/file/d/1G3fnQRjAJWft31BzHkZ8xftu69SQs0G0/view?usp=drive_web
Batch_3,1GqD79zLAKt9WIkbvpZc5IxZp5tpCu9bW,img_xgj4xftb_ETD.tif,https://drive.google.com/file/d/1GqD79zLAKt9WIkbvpZc5IxZp5tpCu9bW/view?usp=drive_web
Batch_3,1eM_pY7MqbxW4YTNUJhXoTR5R4wVmMJtI,img_xgj4xftb_Inlens.tif,https://drive.google.com/file/d/1eM_pY7MqbxW4YTNUJhXoTR5R4wVmMJtI/view?usp=drive_web
root,1B3g1RHo25e75fdEg8aRi72xRcCn1SiGK,Batch_1,https://drive.google.com/drive/folders/1B3g1RHo25e75fdEg8aRi72xRcCn1SiGK
root,14E5pP5Bx2TGc_m9a7ySAmk3cpivKs_pS,Batch_2,https://drive.google.com/drive/folders/14E5pP5Bx2TGc_m9a7ySAmk3cpivKs_pS
root,1rueLDQYuhzRuH-i42-B6bF7ndnBzndjb,Batch_3,https://drive.google.com/drive/folders/1rueLDQYuhzRuH-i42-B6bF7ndnBzndjb
