sample_id,batch,uncertain_frac,pore_frac_fused,si_frac_fused,downsample_accepted,D_eff_rel_TP,D_eff_rel_IP,aniso_ratio,tau_p,N_M,flux_balance_TP,flux_balance_IP,pore_spans_TP,pore_n_components,sigma_eff_rel_TP,carbon_spanning_frac,exposed_si_frac,pore_closure_frac_1.6,constraint_index_1.6,constraint_index_aw_1.6,buffer_sufficiency_frac_1.6,si_touch_frac_1.6,si_merges_1.6,largest_merged_cluster_ecd_um_1.6,si_area_in_clusters_gt_hotspot_1.6,dH_H_bound_1.6,n_particles_1.6,f_A_achieved_1.6,pore_closure_frac_2.43,constraint_index_2.43,constraint_index_aw_2.43,buffer_sufficiency_frac_2.43,si_touch_frac_2.43,si_merges_2.43,largest_merged_cluster_ecd_um_2.43,si_area_in_clusters_gt_hotspot_2.43,dH_H_bound_2.43,n_particles_2.43,f_A_achieved_2.43,pore_closure_frac_2.43_isotropic,constraint_index_2.43_isotropic,buffer_sufficiency_frac_2.43_isotropic,t_d_s,i_lim_Am2,wetting_available,breakthrough_r_um,trapped_frac,lw_time_rel,si_interface_um_per_mm2,si_capacity_share,icl_proxy,R_ion_rel,cli_heuristic,cli_term_f_si,cli_term_d50,cli_term_buffer,cli_term_agglomerate,cli_term_contact,undefined,assumptions_hash,sim_time_s,kpi_si_frac_solid,kpi_pore_frac_deep,kpi_si_d50_aw_um,se_pore_frac_deep,se_si_frac_solid,se_si_d50_aw_um,t_fuse_s,t_downsample_s,t_laplace_s,t_swell_s,t_indices_s,eps_deep,eps_offset,Q_vol_mAh_cm3_deep,Q_vol_mAh_cm3_offset,Q_C10_Ah,Q_CC_1C_over_Q_C10,min_eta_sep_1C_V,cap_at_eta0_1C_over_Q_C10,min_ce_1C_molm3,Q_CC_3C_over_Q_C10,min_eta_sep_3C_V,cap_at_eta0_3C_over_Q_C10,min_ce_3C_molm3,t_cell_s
img_4ih2ggld,1,0.20536253877122976,0.21914619851857117,0.2097433421120976,True,0.02197991051035078,0.03620429259948826,1.6471537762830712,9.970295302857163,45.496090601873924,0.999999999855536,0.9999999993282526,False,9891,,0.0,0.3109955927223415,0.25469644876826647,0.2550790896827443,0.5213686823611144,0.7291520180002813,0.13852647735993862,2049,17.67601848766903,0.7362293332223375,0.0665813477427516,7111,1.5803050052899537,0.49531594291713793,0.5987233145385266,0.6188411573044177,0.3446772605821966,0.2882851093860268,4427,37.205294509675745,0.8293901583199592,0.1868681931249142,7111,2.409150158698613,0.47466012986486306,0.7457684684613118,0.1860497820278442,1259.4962934982043,14.481289487660263,True,0.1791670616806609,0.9646499010918201,0.002280066763128902,838976.6289092972,0.5244988825746707,44.00423043691906,45.496090601873924,0.6476242399461567,0.9235861148813197,0.37012633025444824,0.6553227394178034,0.865131488323543,0.0,"electronic TP: 7887 components, none spanning along axis 0",e62b8644bf,152.7620029449463,0.18471722297626395,0.11388774093461747,2.961010642035586,0.007251961897040902,0.009315980800775418,0.25986219316676246,6.659928321838379,5.01374626159668,131.7441611289978,9.072055339813232,0.27101945877075195,0.11388774093461747,0.2928196448581587,1137.2193434832243,907.5815969941323,6.309398090565554,0.6911417927616207,-0.08611404208002824,0.436510239204343,120.92772543413533,0.19606680090771264,-0.3300631714545333,0.02660920251241797,0.0024137891318913507,39.69584369659424
img_5n1q8atc,1,0.21859955588452998,0.19533678756476683,0.21795904268443128,True,0.03061926693084811,0.02689188760379016,0.8782668659091014,6.379538347731315,32.659175095812834,0.9999999999009872,0.9999999988179064,False,11586,,0.0,0.29348256941981515,0.2762814197296956,0.22693976638316155,0.5437148398212769,0.7604404458171076,0.13556531284302964,2119,21.95884045616727,0.7438026216104179,0.07328398716999754,7447,1.576989398181234,0.49435392194012884,0.5719928056128678,0.6552534614291828,0.3675305492144488,0.294017094017094,4660,39.17808704012864,0.8281939005806215,0.19710634098198865,7447,2.4025085070252623,0.4750536819502337,0.7234863481767728,0.20357190815093326,904.1240563247618,20.173260856396354,True,0.25000055118231757,0.9877276746242264,0.0016340478469090464,719920.1261377941,0.5500013374541488,39.595703223594626,32.659175095812834,0.7012115563193759,1.0,0.524625152373928,0.6324694507855513,0.8816916314820239,0.0,"electronic TP: 7482 components, none spanning along axis 0",e62b8644bf,120.58382368087769,0.2006708429759,0.08246878855169011,4.197001218991424,0.004799180641750373,0.023070484699100596,0.1392861060645896,5.490683555603027,4.365339040756226,101.56720209121704,8.603785753250122,0.5557534694671631,0.08246878855169011,0.26140069247523134,1219.9275681746856,982.0239854968233,6.309471630436872,0.7168551957146897,-0.057816749889550656,0.4796603993641512,226.5742536497381,0.23618026830024064,-0.2973524039659865,0.018774766973446273,0.03289645159980307,21.260732173919678
img_f1vzngrs,1,0.3017288583125602,0.20247164381242594,0.11306061564309694,True,0.05559273311186838,0.06479216403562425,1.1654790187279334,3.6420523417151562,17.987962527183466,0.9999999999292387,0.9999999995224372,False,12569,0.11504393944088742,0.9663893127752344,0.10030816640986133,0.1050672051492396,0.3834406496985854,0.6749974176892851,0.5899965974821367,0.09452540370224498,457,16.039472841986363,0.6530589226988329,0.045027059889503236,2939,1.5850592107351866,0.2173492353968154,0.8113861601488388,0.7195828422591519,0.13269819666553248,0.22058018609742747,1169,22.728379731366445,0.8056190506012024,0.11495581939347092,2939,2.4137872646651073,0.2079783765591805,0.8788104576003163,0.07247363048656005,497.97184397287555,36.62683072454212,True,0.2749967433456536,0.9498327759197325,0.0014855189098442005,320752.84752797126,0.3081986304243448,9.885558831282943,17.987962527183466,0.5269791328716756,0.41917828274438806,0.45157768957937433,0.8673018033344675,0.7312574516164809,0.0,,e62b8644bf,113.58643698692322,0.08383565654887762,0.07860360737886737,3.6126215166349946,0.004490888288379247,0.004478113495917521,0.3241108280041771,5.358063697814941,4.163001775741577,96.97666382789612,6.6154937744140625,0.47225356101989746,0.07860360737886737,0.2575355113024086,913.3500201656899,735.980693168497,6.298581232473252,0.7514075198815405,-0.017459279328974515,0.6643201936411668,438.2220053967688,0.3505949445043156,-0.16918647260710368,0.10742078594585033,0.10448128315841707,20.845677375793457
img_ffwubibz,1,0.2378152236033719,0.21812574218234596,0.049663544003166644,True,0.08042089838691881,0.09674899974696488,1.203033063389677,2.7123017344683893,12.43457882289287,0.9999999999653653,0.999999999663915,False,7228,0.13502041416807853,0.9751761068338912,0.050722557182505505,0.03597118675679627,0.5000979294669813,0.7537563347163883,0.4576271186440678,0.07157057654075547,48,8.322587961142489,0.481655835138588,0.02166952544311035,531,1.5932553712265434,0.10127481966518971,0.8575496408957297,0.6944330187637445,0.0847457627118644,0.1902439024390244,141,12.47316813190687,0.7141774348203278,0.04864977789506091,531,2.4233614359532227,0.09703046158654306,0.9138337154019532,0.035781544256120526,344.2341030066387,52.9846702446877,True,0.10000089449619014,0.9613975128666555,0.004085092082862363,105961.12614446189,0.21242404743468432,2.250869128634374,12.43457882289287,0.46079180668668196,0.26246406280201323,0.3900863091105238,0.9152542372881356,0.620985635618387,0.0,,e62b8644bf,104.56885004043579,0.05249281256040265,0.09733121215118644,3.12069047288419,0.0049737583193796885,0.0070393337974647315,0.3061535049995823,5.052500247955322,4.232116460800171,88.99272322654724,6.05040717124939,0.24017906188964844,0.09733121215118644,0.2762631160747277,812.8628189614999,651.7327413700737,5.213933848630479,0.7131069821462364,-0.005779470479616515,0.6865149615483708,548.9604431199423,0.32535582190059503,-0.09231958459944956,0.14214229874175138,25.811420449840952,22.474072217941284
img_fzrt2k6r,1,0.23277999916223083,0.23071439709518612,0.07913559935123278,True,0.07844832943077625,0.08945900882975143,1.1403558173751953,2.940972723947822,12.747244042748063,0.9999999999551235,0.9999999996973558,False,8252,0.0877727252674334,0.9768218231449773,0.10035576638007708,0.053154756157556195,0.376561084004318,0.7270486044787152,0.6038961038961039,0.11061507936507936,361,11.702734441868717,0.5126624035728786,0.03400936236025675,2310,1.5820321960828638,0.14426405881460433,0.7805315578397429,0.700714814031387,0.170995670995671,0.2637508283631544,868,14.63831567861382,0.6294472054862982,0.07860945719313767,2310,2.4112347213924723,0.13726166337926501,0.8564870391543714,0.10173160173160173,352.8898068331384,51.68505885296614,True,0.10000158742677363,0.9533648739982621,0.0040850637764593,209872.98357393875,0.27805454446016337,5.835613684214689,12.747244042748063,0.4898005378944963,0.3665523190839554,0.4261028190349609,0.829004329004329,0.6903558015703747,0.0,,e62b8644bf,125.53120160102844,0.07331046381679109,0.11341837132369122,3.408822552279687,0.007459201587781969,0.011364182368965579,0.5240514117070673,8.460213899612427,7.335647344589233,100.09848475456238,9.30258560180664,0.3311145305633545,0.11341837132369122,0.29235027524723245,851.8190870717899,679.9030376994024,5.73433266588811,0.7393098417663023,-0.0056000900699375925,0.7245105668709406,554.3293150951572,0.37026607092139724,-0.09410155821221072,0.17532631232544052,24.383134997125893,21.428285360336304
img_iv6g2oq0,1,0.1453201278574196,0.22960480433940333,0.0686503939041715,True,0.07046977058380602,0.10294125275385627,1.4607859781724932,3.2582028072071885,14.1904818437113,0.9999999999667638,0.9999999997251714,False,4568,0.09716679471717758,0.9825143873042047,0.0764722780810112,0.04349122244534067,0.3888992658055731,0.7355470662972179,0.5876363636363636,0.10440456769983687,201,11.850876590366477,0.570505677911856,0.030316414826294717,1375,1.5860060148478412,0.11632720788826828,0.7814752312467022,0.7202282539663589,0.15927272727272726,0.23809523809523808,503,15.593152359925641,0.661066562864928,0.07053209350380989,1375,2.415466150707691,0.1112198579166737,0.8499997214021304,0.09818181818181818,392.8438476507647,46.428448717865784,True,0.3750066142898899,0.789023697428888,0.0010893484189848173,169160.28646315096,0.259750104094302,4.393940201742541,14.1904818437113,0.48681565826290474,0.3361463405193536,0.4414647569423834,0.8407272727272728,0.7068966951083612,0.0,,e62b8644bf,126.20514106750488,0.06722926810387073,0.11579555727754101,3.5317180555390673,0.004760887998784505,0.013394320102061433,0.5469543260128102,7.792619228363037,3.7877719402313232,104.22643971443176,9.806926488876343,0.5906126499176025,0.11579555727754101,0.2947274612010823,833.9653668106677,665.2000862039895,5.531953221714078,0.7272889114580701,-0.007795395942174939,0.6927521087203619,534.0568142270699,0.343884969926872,-0.10229488155787811,0.14813041710888575,16.14411316558627,20.805630922317505
img_uhdslk0o,1,0.24297255230990444,0.23028234979258663,0.07496320085641643,True,0.08065342694694713,0.09036360661050746,1.1203938881598616,2.8552084952827066,12.398729202886669,0.9999999999727218,0.9999999996517152,False,8082,0.11251571807395555,0.9749014636435427,0.1506830601092896,0.06912873285120365,0.2879432520053066,0.6208448485587811,0.6970973782771536,0.12391304347826088,344,12.572105882453638,0.6472083820303048,0.02777757502767539,2136,1.5801994657852765,0.16264216926660996,0.666623863003543,0.6439162174607204,0.2687265917602996,0.29798356982823004,845,16.23836162839007,0.7316086927269058,0.0683916645377906,2136,2.4091162397432693,0.15575359616268444,0.7632665662768828,0.1699438202247191,343.2416558991224,53.13786983985134,True,0.099999332287923,0.9830585475887352,0.0040851559009347236,179435.08163939978,0.2769877260831901,4.970131524284892,12.398729202886669,0.5011958896269249,0.36474907698899217,0.5304732389213594,0.7312734082397003,0.8462071283658059,0.0,,e62b8644bf,152.21248769760132,0.07294981539779843,0.11025769638823783,4.243785911370876,0.004915714110927194,0.007610706292012357,0.6323608250102885,5.12718939781189,4.064304828643799,136.68727111816406,6.001672267913818,0.33115410804748535,0.11025769638823783,0.2891896003117791,853.9266783716822,682.1974869508567,5.744075832965321,0.737643290751011,-0.00754001205986049,0.7081218758904413,557.5998639214054,0.36867030410212187,-0.09638990239242463,0.16212025627017296,28.190838380278638,20.71339726448059
img_3806gxp0,2,0.25353885323660713,0.2822421875,0.06501339285714286,True,0.09473343939132918,0.10887053410951401,1.1492302486747756,2.9793301004738275,10.555934698719792,0.9999999999589065,0.9999999997300001,False,6413,0.09182857123334168,0.9651830612164641,0.03983283270210265,0.03360367592105627,0.4725436223084074,0.7456667031342378,0.5089034676663543,0.10050251256281408,154,8.581517907027427,0.6700015109326771,0.02891517857142857,1067,1.590003958828187,0.10433431268263942,0.8778491835551179,0.6704940876456467,0.08247422680412371,0.2503209242618742,370,14.66224605656468,0.7311544955378045,0.06286272321428571,1067,2.4191607284243863,0.1003127854513245,0.9230254144505412,0.04311152764761012,292.22644081201673,62.414374223294416,True,0.09999882836018424,0.9050176164245973,0.004085176487409679,137725.78288473448,0.26396742370904414,3.635512008639452,10.555934698719792,0.5294305820906341,0.3430526091076336,0.49868788566953093,0.9175257731958762,0.8024314847008704,0.0,,e62b8644bf,153.62471771240234,0.06861052182152672,0.1314898158482143,3.9895030853562474,0.009504003384340945,0.006831216307613447,0.3472032466879446,8.78552532196045,7.150484800338745,127.68221712112427,9.607257843017578,0.3982846736907959,0.1314898158482143,0.31042171977175553,822.6364974804687,653.1555663214059,5.449824709877264,0.726077556483193,-0.0052730136721659965,0.7074346279229085,576.6770115667476,0.35648128599284057,-0.08388403761606643,0.17466048718325355,41.59387185043993,20.70020341873169
img_avn74qx1,2,0.2661399312625018,0.27672844303887933,0.044786753144654086,True,0.09119891343282897,0.11263704426912703,1.2350700247332218,3.034339254959425,10.965042919470013,0.9999999999510343,0.999999999618299,False,6907,0.09579230059338203,0.9766465045467638,0.01563229118058796,0.017178691481677274,0.5875416189982615,0.8239677618653842,0.38672768878718533,0.09443099273607748,56,8.896934732260602,0.5466643730647734,0.021868523084619784,437,1.5936215535087457,0.057899897904417554,0.9243813020933688,0.7482862479267419,0.034324942791762014,0.23053892215568864,135,11.937237145592777,0.6596103602213582,0.047754967124070895,437,2.423329633074315,0.05564007473558051,0.9458089832954187,0.016018306636155607,303.55203562374606,60.085679864753345,True,0.09999882836018424,0.8926866472698511,0.004085176487409679,88967.38614148447,0.20407360543823794,1.8155895256308658,10.965042919470013,0.4595930822355614,0.25014968016129446,0.3999801306242342,0.965675057208238,0.5062590375220202,0.0,,e62b8644bf,162.39897346496582,0.050029936032258894,0.11850723373428347,3.1998410449938737,0.007011968737170809,0.01223670983193901,0.6388493910102495,6.80483341217041,4.383610248565674,139.63934063911438,10.974666357040405,0.5955171585083008,0.11850723373428347,0.2974391376578247,787.5071992103781,627.6531789611267,4.98708558082928,0.7003750287091891,-0.0055259682632231855,0.672730997166325,554.5386532923749,0.30851761479426015,-0.08802928991764149,0.13820297213168198,30.149047941039036,20.971163988113403
img_b3esycq1,2,0.22408196395441293,0.22714126689636893,0.10894778690697059,True,0.07073341263745746,0.08191034889230932,1.1580149442546905,3.211230144664113,14.137590181396703,0.9999999999510587,0.9999999996414245,False,7838,0.06929732291613669,0.9768281504996534,0.15320874021570077,0.09591087089441823,0.32123316251084305,0.6562759370214528,0.6569322370286362,0.12238705327039784,612,12.68631498995367,0.6577312365185007,0.041780015902464884,3527,1.579279903063874,0.2354201380623661,0.6803772210746742,0.6466329167466288,0.26282960022682167,0.27702044790652386,1524,17.618177849379137,0.7747119111674001,0.10042194540153723,3527,2.40817033062143,0.22517514504016317,0.7910543969666264,0.15622341933654665,391.3796151912081,46.60214719121716,True,0.17916951080630275,0.9396268862222347,0.0022800355961633306,298088.5141845014,0.34316183760002794,10.229260229501548,14.137590181396703,0.5121118948471356,0.4845592141236624,0.41619577722736845,0.7371703997731783,0.7498441451508557,0.0,,e62b8644bf,125.19154715538025,0.09691184282473247,0.1158780811025709,3.3295662178189476,0.006566021592997282,0.011080425925375283,0.2695945408709969,5.502190589904785,4.382886171340942,107.82389330863953,7.0826499462127686,0.398956298828125,0.1158780811025709,0.29480998502611216,909.8770158033394,725.7326989460064,6.305815245717686,0.7619206339085873,-0.006602239752495277,0.7350698678637095,536.4447257137758,0.4026042064830309,-0.10843951707885124,0.1831176963790664,13.323924739925516,20.96076989173889
img_epqdaau9,2,0.28039325618515565,0.2143782920989625,0.07834849694067571,True,0.05724758267923322,0.08230028587875775,1.437620280665798,3.7447571070407664,17.467986475571376,0.9999999999303909,0.9999999996617029,False,11070,0.10608147695482631,0.9796647910209731,0.10946493285013856,0.061113262054382465,0.38149907400457667,0.6979336763606385,0.5936883629191322,0.1016719385449616,365,11.025121329224227,0.5960358659745163,0.03256717212024474,2535,1.5806963749280123,0.15027151522371465,0.8205766439680703,0.7163746114674435,0.12859960552268246,0.2301980198019802,962,18.973329241764485,0.6981765159575966,0.07845171588188347,2535,2.4102448363347704,0.14342655190557027,0.8897851244076869,0.0650887573964497,483.57702672485715,37.71711522011612,True,0.17916454490701672,0.9010533003742641,0.0022800987918538897,208195.11705721208,0.27309403834980445,5.68568452818643,17.467986475571376,0.4750144767805197,0.35820071139260956,0.33580168330305943,0.8714003944773175,0.6463379251316507,0.0,,e62b8644bf,194.15112614631653,0.07164014227852192,0.09523669859005054,2.6864134664244754,0.0076948767479720175,0.017315614396369222,0.2687411641423191,10.150459051132202,8.767546892166138,167.63226556777954,7.046670436859131,0.5510904788970947,0.09523669859005054,0.27416860251359176,864.9118881287576,693.8612601603037,5.8299045188400935,0.7355428673409519,-0.013288889257874137,0.6728222650032795,461.3682453537812,0.3353374388606302,-0.1387900625198677,0.12539884125750791,0.4947401501105628,25.57490634918213
img_i9jiqjwl,2,0.25629893807767307,0.22352712616464943,0.10918210808590824,True,0.03412868441020725,0.07365009581994077,2.158011569819357,6.549538314397981,29.300865746261195,0.9999999999320186,0.9999999995672235,False,12311,0.04427620465823068,0.9412467491718308,0.09942880456956345,0.07549344993898018,0.3685877951798556,0.6917917358775643,0.6157005933363761,0.11460612691466084,797,17.23925018526815,0.5762639670916357,0.04646115687837718,4382,1.5750477507353027,0.1911969341481318,0.7885304661794507,0.6963489908996255,0.163852122318576,0.2799520766773163,1949,22.520610077250915,0.7632919050135158,0.11098092270029554,4382,2.4023131276438674,0.18192912694374017,0.8609250592968636,0.09447740757644911,811.1539104897165,22.485412692852744,True,0.1666680420060999,0.986607162961195,0.002451056948101602,361691.28833935753,0.2839554224844072,10.27042025893318,29.300865746261195,0.4990699859605615,0.37659788053629506,0.4042946284014195,0.836147877681424,0.7736483267221841,0.0,,e62b8644bf,204.37330031394958,0.07531957610725902,0.09991756870699839,3.234357027211356,0.006442633334244479,0.009689330349568887,0.31064741943066604,6.4034435749053955,5.045673608779907,181.977783203125,10.60695481300354,0.33805394172668457,0.09991756870699839,0.2788494726305396,870.0268491640655,697.0698452573321,5.902861879464918,0.7135112870025374,-0.040081321689546597,0.5362699730485193,294.21468227625786,0.2559423924585324,-0.24459911422849862,0.0612317247226155,-4.5253260992651395e-05,21.2529034614563
img_r17byphk,2,0.23404532967032968,0.2986142857142857,0.05927032967032967,True,0.0863527089238817,0.11948417275279875,1.3836760217692976,3.4580766421295324,11.580412617761434,0.9999999999549134,0.9999999997159296,False,4512,0.05321996527936787,0.9405005775895264,0.12208605915415092,0.03509617684616489,0.3692867318976508,0.7014606958035794,0.6088642659279778,0.09651307596513076,230,8.66291413540232,0.4676977473891257,0.024108791208791207,1805,1.581081374400382,0.09753108681492167,0.7904825615099375,0.6648644150536072,0.15678670360110802,0.24856439704675964,617,11.034008488524348,0.6156127317286787,0.054641758241758244,1805,2.410713898113781,0.09255204442498133,0.8757333795076663,0.07977839335180055,320.5876939380284,56.89279650986338,True,0.1875016771803565,0.871840258483324,0.002178715777526594,175621.65258043635,0.22869438448766743,4.016368573958986,11.580412617761434,0.4567965100129398,0.28703155078738196,0.3700849667103049,0.843213296398892,0.715151497955721,0.0,,e62b8644bf,163.45345187187195,0.057406310157476395,0.1338837912087912,2.960679733682439,0.00686989417088226,0.010154801367981489,0.6303530510763535,5.254408121109009,4.217423677444458,142.83046865463257,10.658818006515503,0.49113893508911133,0.1338837912087912,0.3128156951323324,792.2695566532966,628.5937141350229,5.100785261684066,0.7067191237667919,-0.005763962747809513,0.6820293653999115,545.4968656442549,0.3167883583404543,-0.09048333195517605,0.1464886229794664,22.122611583134034,21.41171884536743
img_rxax5ozo,2,0.278573293727549,0.23660569218016025,0.060624481901077644,True,0.0873549785800996,0.09349729629219175,1.0703144550194126,2.7085541777473643,11.447544447430165,0.9999999999659542,0.9999999996569315,False,8325,0.13453428715102175,0.9822625823528579,0.05644154763555679,0.029457791646618613,0.4769070678667822,0.7942443970481323,0.4954648526077097,0.11742424242424243,142,11.251227576778172,0.543852416778316,0.028926222713456757,882,1.5910044125999387,0.09616525512801948,0.8504048076406583,0.7291006653429738,0.10090702947845805,0.23434991974317818,311,17.51913960522073,0.6861400153598265,0.06341862392926223,882,2.420289221896981,0.09174611924192667,0.89841940768814,0.060090702947845805,316.9094225559762,57.55313391340077,True,0.24999201600301646,0.9608303864641774,0.0016341036362561736,136777.9308765585,0.24502871838098234,3.351452110548572,11.447544447430165,0.4955416179550585,0.31248914827251323,0.42563630203360675,0.8990929705215419,0.7626991302257206,0.0,,e62b8644bf,116.48829293251038,0.06249782965450265,0.10679959933683338,3.405090416268854,0.006706817991341065,0.015740130260568704,0.46119038107958754,4.932404518127441,4.2022178173065186,100.76339673995972,6.235946178436279,0.3533344268798828,0.10679959933683338,0.2857315032603746,830.2129941204753,663.8991505644864,5.455776220856921,0.7267387084097209,-0.004978374316230431,0.7132608609863366,563.4786558421364,0.35207070011451214,-0.08829256365439465,0.16492456578643738,32.493408959134456,28.789418697357178
img_0grcilhi,3,0.16956690507011607,0.25251524280381105,0.13233252134473,True,0.06081017856205703,0.10095700935935016,1.6601991927440753,4.152516055286998,16.444615418773946,0.9999999999751631,0.9999999998028435,False,2752,0.012559275476657129,0.5026155519410148,0.1709949349417429,0.11128552741110714,0.39405887307840065,0.6237143143474466,0.5805896805896806,0.1275106512477176,907,10.816209061728554,0.4896624520984878,0.04894873901533169,4070,1.5795107857828181,0.2901177310024973,0.762756306902575,0.6126024199197923,0.18476658476658478,0.2862470862470862,2048,23.58364157543122,0.6699391269583845,0.1128880368613998,4070,2.408070201916754,0.2786205256273041,0.8356676365765827,0.11498771498771498,455.2464155479792,40.06430322538225,True,0.2083379003625822,0.8128528957069806,0.0019608187548908907,531533.9751660726,0.2455895575226814,13.053919376930772,16.444615418773946,0.4652991660033241,0.3133778141739048,0.42152409493268617,0.8152334152334152,0.6750375824756635,0.0,,e62b8644bf,112.34519934654236,0.06267556283478097,0.16142382217248144,3.3721927594614893,0.009965204399138833,0.010191421675734277,0.4055308065093829,5.973592281341553,4.340803861618042,92.80864024162292,7.484497308731079,1.7367279529571533,0.16142382217248144,0.3403557260960227,779.8723746376517,613.4664445612666,5.048504722423404,0.701824672095555,-0.007230334990427266,0.6655270362508156,540.1261253858493,0.30942446783714445,-0.09264131458832621,0.14119156691713963,19.31342982070073,22.385194063186646
img_71vgq3fw,3,0.2873452054262383,0.22756859675709282,0.11503272327599127,True,0.0689568778431061,0.07971842972733516,1.1560620524136003,3.3001580679865974,14.50181666106239,0.9999999999596997,0.999999999639039,False,7566,0.028981387263207214,0.7769369509340665,0.20904503475197564,0.11801208904326785,0.3001084617078809,0.5808422467158612,0.6810477657935285,0.12237196765498652,911,13.682810845239207,0.5232700326489685,0.039694249696081534,4543,1.577557147101917,0.2859512437859488,0.6536321206591034,0.59787289633986,0.286154523442659,0.29068791946308725,2237,17.210379088503572,0.6689941165382626,0.09671546015198698,4543,2.405465219930532,0.2702911029910381,0.7738163958340759,0.16839093110279552,401.4627211254559,45.4316913501987,True,0.10000057953091761,0.899316515350353,0.004085104949409209,420524.856800193,0.2781699120795163,11.697736244336088,14.50181666106239,0.46248471067394203,0.3667475600208513,0.40795756810862377,0.713845476557341,0.7407018190558413,0.0,,e62b8644bf,128.31897521018982,0.07334951200417027,0.111748641081918,3.26366054486899,0.0031805534967705744,0.014729487492047617,0.32484657393433236,6.252526044845581,5.365654230117798,108.06255888938904,8.23454475402832,0.4027717113494873,0.111748641081918,0.29068054500545926,853.5237808222598,681.5874999337428,5.749388661984771,0.7374123162003181,-0.007966355672671385,0.703541206197047,523.9143863429658,0.35714690713465536,-0.10803539917066367,0.15470818498871586,11.331995148690302,21.015321493148804
img_9luzk4jm,3,0.2443325807334428,0.26929720853858785,0.06614449917898194,True,0.09701500752259425,0.11985799181375352,1.2354582540834136,2.7758304144425288,10.307683579441106,0.9999999999672072,0.9999999997648495,False,6284,0.06172744397398875,0.9496338172941026,0.06697328629032258,0.05275951919285537,0.3867088419227086,0.6294387219649465,0.5890756302521009,0.08731617647058823,132,11.192146667673548,0.5278561243924523,0.024828680897646414,1190,1.5896354055401267,0.14187631858148073,0.8134255000051,0.5929340866574824,0.12857142857142856,0.2273781902552204,358,15.434653256127506,0.7421554412649778,0.05570990695128626,1190,2.4193904436373996,0.13830319142449482,0.8717455688447807,0.073109243697479,285.35395219921696,63.91756726764782,True,0.1000011338711242,0.9046068543879546,0.004085082304286759,139545.54306199175,0.2736224065133396,3.818278731083304,10.307683579441106,0.48221905595105197,0.35908627939717275,0.4156888273445737,0.8714285714285714,0.5554394983598387,0.0,,e62b8644bf,128.87282824516296,0.07181725587943455,0.156438013136289,3.3255106187565895,0.008558134102780165,0.005569182698141978,0.21727646018675967,5.720919132232666,4.600445985794067,110.3418505191803,7.846950531005859,0.3617286682128906,0.156438013136289,0.3353699170598302,806.8388828949096,635.6964894204463,5.350574515779297,0.7275421242610647,6.314602666111085e-05,,619.3443233037019,0.3702908994666463,-0.0637431221973195,0.22518909409019508,79.26692938531933,21.086109161376953
img_cfe5vt7s,3,0.205957760989011,0.2614956043956044,0.07216043956043956,True,0.07915790109418837,0.102401069351849,1.2936304264814205,3.303468141284546,12.63297770882177,0.9999999999583791,0.9999999997538774,False,4513,0.0924699229171366,0.9842341265194855,0.06195352047860101,0.04581002769361366,0.46435151272056585,0.722483401783741,0.510879848628193,0.10851063829787234,166,9.456952234583941,0.6292601272179444,0.030745054945054945,1057,1.591227021897297,0.12937834351007096,0.8305779352999137,0.6689391837817201,0.12298959318826869,0.2607449856733524,408,13.117009480303755,0.7951148033783826,0.06874505494505495,1057,2.4206882007662296,0.12473052306890625,0.9017480643002228,0.0510879848628193,349.72650154365346,52.15255450838624,True,0.17916826930567398,0.985127815062132,0.0022800513950859704,165589.99073449086,0.29052990284638414,4.810884392042528,12.63297770882177,0.5149054399611795,0.3879344201949335,0.409453958047248,0.8770104068117313,0.779849995805704,0.0,,e62b8644bf,130.03938722610474,0.07758688403898671,0.11337788461538462,3.275631664377984,0.003936546027548465,0.008327557732376105,0.33329499237102916,6.450377702713013,4.909946441650391,110.98757123947144,7.3188159465789795,0.371661901473999,0.11337788461538462,0.29230978853892586,862.8368830978022,688.7051491953945,5.864410864002792,0.7428232896638686,-0.00771704469534118,0.7172411173889557,526.0876027631655,0.3669128779253003,-0.10812709284274333,0.16365599034145134,11.45340248257684,20.85869574546814
img_hawkfj64,3,0.25368644957983194,0.23252460984393758,0.07233613445378151,True,0.07598239975362117,0.09731073354807734,1.2807009763262933,3.060243037833981,13.160942576735897,0.9999999999709761,0.9999999997512722,False,5636,0.07306884316162349,0.9512374557681448,0.14236388631350108,0.0612257541573521,0.3746462637265521,0.6337252530784907,0.6037206037206038,0.10012111425111021,446,9.79308976590094,0.39241332140790236,0.02751500600240096,2849,1.575344976085323,0.1511154249250102,0.7639042116495377,0.6524387817126869,0.18743418743418744,0.24286513710128707,1136,12.354348053788527,0.5185404924354791,0.0665390156062425,2849,2.403800692700984,0.14303046573701683,0.8469723902696363,0.10319410319410319,364.3424781130276,50.06040066819879,True,0.10000219217403947,0.9624560515867894,0.004085039072689355,261132.9174172936,0.21225579711627282,5.542697553970549,13.160942576735897,0.4266357966743914,0.2622140039216472,0.35841230973706195,0.8125658125658126,0.6003698021294933,0.0,,e62b8644bf,118.81120109558105,0.05244280078432944,0.12010691776710684,2.8672984778964956,0.0044479019908936655,0.006529781439310512,0.4023206733050862,5.204429864883423,4.118235111236572,102.8011589050293,6.305069208145142,0.38146424293518066,0.12010691776710684,0.2990388216906481,792.2256331740696,631.1214675166457,5.050647236764992,0.7049845468764655,-0.004849175001873318,0.6828438013801978,554.2831220853265,0.3158405318439398,-0.08700087757993488,0.14916967359340946,28.287470171203328,21.106877088546753
img_hzumfsms,3,0.19743726053639846,0.27986535303776683,0.0522495894909688,True,0.09284451239136988,0.14317221271011402,1.5420643506273852,3.0143445835338456,10.770695803589058,0.9999999999657962,0.9999999998193679,False,5093,0.021270968163876542,0.8952112149716528,0.05479216763998626,0.02945743711300688,0.4083370517639654,0.7204798042704834,0.5661664392905866,0.1002906976744186,89,9.694325246426608,0.5347001079032555,0.022696223316912973,733,1.5911342310277024,0.08453513887748038,0.82014870661724,0.6835786971510917,0.1296043656207367,0.23049001814882034,226,12.277713471518291,0.7056920415224913,0.050638204707170224,733,2.420937352216442,0.08128469003391263,0.8656510052435666,0.08731241473396999,298.1718047321265,61.16986967016684,True,0.1000011338711242,0.6696902490446184,0.004085082304286759,110372.88389464634,0.23312990583357474,2.5731220028938977,10.770695803589058,0.4600496298277162,0.2938642366743318,0.39692904389773004,0.8703956343792633,0.6021242961733824,0.0,,e62b8644bf,109.66918754577637,0.05877284733486637,0.17653167761357416,3.1754323511818403,0.008359200573083272,0.008413798454269596,0.21408191026350068,5.150874853134155,4.311891078948975,93.47197318077087,6.354771375656128,0.3787269592285156,0.17653167761357416,0.35546358153711544,756.516334954023,592.1324667679428,4.824572234262994,0.6991395889003345,0.0009538829668164356,,625.0829735621601,0.3257812804225331,-0.05972142463828255,0.19930886997279795,87.9608439634922,21.14759349822998
img_kbdh4tri,3,0.20991095700416088,0.21683439667128987,0.19151844660194176,True,0.032806474186634405,0.047072996622048564,1.4348691162071432,6.609500168708461,30.481788268713352,0.9999999999270739,0.9999999994811356,False,7092,0.006062407700613099,0.37058861037241525,0.347788943593894,0.2692020345713379,0.21999213395141506,0.4699772960425115,0.7720465890183028,0.14086648087154802,1579,15.55372358820216,0.6773752563226247,0.053666574202496535,5409,1.5821637571037233,0.5422879716715621,0.5227009867064599,0.5570827987235905,0.43039378813089296,0.30197338228545206,3347,28.88138429154428,0.8155873829022211,0.1522374479889043,5409,2.4047520122814308,0.5200591540358813,0.6813120776848691,0.25975226474394525,843.8461159135333,21.614284987301556,True,0.10000057953091761,0.9494529786820317,0.004085104949409209,828270.9664885588,0.2746190458048679,22.745898248496374,30.481788268713352,0.41474651461822487,0.36075927928844803,0.36747038138635196,0.569606211869107,0.725851376227209,0.0,,e62b8644bf,112.84313321113586,0.07215185585768961,0.11145755894590846,2.9397630510908157,0.004916800491809674,0.0055084316460648364,0.3208248446017691,5.064485788345337,3.895935297012329,95.82985138893127,7.803027391433716,0.248687744140625,0.11145755894590846,0.2903894628694497,850.7220683572816,679.4063130621728,5.716559135019823,0.7085024878542464,-0.03545580318949498,0.5469717781018494,316.3778316437347,0.26061716872139673,-0.21965837371828578,0.06829398275894233,2.2315974561547805e-06,21.392558574676514
img_mgxahqnk,3,0.2526128451380552,0.22219087635054022,0.07797238895558223,True,0.08157707416731315,0.09623083729778874,1.1796308985098065,2.723692638140351,12.258345990063551,0.9999999999722595,0.9999999997341286,False,5909,0.10936427952276186,0.9578138615763581,0.10840970350404312,0.06952481292379177,0.38074336518128316,0.6562617723218646,0.6007628734901462,0.09386026817219478,189,13.830199936052091,0.6578347826929976,0.030408163265306123,1573,1.5866558750043989,0.18316449199016668,0.7855163856744862,0.6276492896006121,0.16719643992371266,0.22012578616352202,493,17.50008577281281,0.7380536946942102,0.06984873949579833,1573,2.4163001020515886,0.17686468379393253,0.859917586018803,0.08900190718372536,339.35534096786097,53.74640747590287,True,0.16250356228281412,0.9574573844449847,0.0025138701985780642,163954.82719922691,0.2894420840751384,4.745542687872342,12.258345990063551,0.5277173211351761,0.3860480470456774,0.5730823742272675,0.8328035600762873,0.697831398046637,0.0,,e62b8644bf,102.20186734199524,0.07720960940913549,0.12199962484993998,4.58465899381814,0.0070915858927109495,0.026003834571854678,0.6178912023678431,4.886110067367554,4.005464792251587,86.64054298400879,6.239559888839722,0.42806410789489746,0.12199962484993998,0.3009315287734812,853.4872743109244,679.5510126767917,5.776848767896881,0.7402493300479669,-0.0065025493395517164,0.7212939724126437,583.6077547256866,0.3831404448864681,-0.08546547752110857,0.18439722589526075,46.218277723852765,20.91245675086975
img_pl8uabbv,3,0.2353023138832998,0.23111971830985917,0.07413983903420523,True,0.07991194764686087,0.09461627812261134,1.1840066586880151,2.8921797693030964,12.513773339865311,0.9999999999579026,0.9999999996844559,False,8990,0.09308819818940206,0.8785876056370661,0.14081803587631744,0.05764517940391672,0.3122699984850698,0.6655998268241199,0.6690307328605201,0.11703569814731134,419,10.698884250500141,0.3921642590766857,0.029886317907444667,2538,1.5794635708566853,0.14455476574980522,0.6988300634272958,0.6603228727345413,0.23955870764381404,0.25839138695376823,1053,13.296323873245642,0.6573839662447257,0.07127364185110664,2538,2.408810381638644,0.13774686266230798,0.796073924880157,0.144602048857368,346.4264935894916,52.64935209140099,True,0.10000082520365994,0.8270644617882499,0.00408509491350267,213982.16982141888,0.25778909449542,5.516226979642876,12.513773339865311,0.448990713604978,0.33295482437248597,0.3763041883146236,0.760441292356186,0.6708536432263664,0.0,,e62b8644bf,148.48605871200562,0.0665909648744972,0.12106809607645876,3.0104335065169887,0.010288816483121152,0.006877178744937898,0.4934480906160117,6.124265670776367,4.871992826461792,125.19884204864502,11.94165849685669,0.3482851982116699,0.12106809607645876,0.3,827.3678965070422,658.9333314328192,5.474124842783648,0.7293508429177382,-0.003526104288538272,0.7243536357424423,567.9177145133561,0.3586141622303763,-0.08387265618798649,0.1816515633776601,33.563598729081846,20.924020051956177
img_ptg8lmto,3,0.26886763688680093,0.21216519329726877,0.09193484543454111,True,0.06907780952439661,0.08194327060499433,1.186245932943979,3.0713943415119025,14.476428926815117,0.9999999999761477,0.9999999996495678,False,6110,0.047201843689923126,0.9023390274881091,0.2077176631052512,0.09903439790295833,0.2675193148339335,0.5749574842722134,0.7122669873722188,0.11619462599854757,644,12.1456069467393,0.4133375151919081,0.03180548402702998,3326,1.5722469982847342,0.23724121328839673,0.6302865211038275,0.5999289785655231,0.3184004810583283,0.27188183807439825,1570,17.606587454871327,0.6011492701363312,0.07845532434698595,3326,2.3982675814751286,0.22426844273257368,0.7711254746615802,0.17859290438965725,400.7598968440343,45.51136622804557,True,0.09999940157838426,0.8980768202000748,0.004085153070294417,340476.46429094404,0.24001231057620526,8.171854289128632,14.476428926815117,0.42159349731957163,0.3045840313556911,0.3902170453974081,0.6815995189416717,0.6654579753018018,0.0,,e62b8644bf,81.56120491027832,0.06091680627113823,0.10268641709538796,3.1217363631792647,0.004678632494911878,0.006330915687330022,0.5690659524385153,4.297876596450806,3.3291773796081543,67.68664312362671,5.665855407714844,0.5809361934661865,0.10268641709538796,0.2816183210189292,829.9281966704211,664.4335076572762,5.438730388721208,0.7229229943962227,-0.007538495557009514,0.6931135599270556,527.6235419513312,0.33458151617862075,-0.10308359874332779,0.1417817819381173,14.012378642613903,20.93862795829773
img_tuy3zymq,3,0.19954313453536754,0.21742135922330097,0.1985509015256588,True,0.0274136236231829,0.039164919804564026,1.428666284432511,7.931142639582827,36.47821294060262,0.9999999999221766,0.9999999994238643,False,6063,,0.0,0.3692792272560239,0.2823409934116182,0.20505832086307832,0.45386648289228426,0.7901802133137182,0.1417740712661107,1622,18.86666300070512,0.6446485465362167,0.0548871012482663,5438,1.582894826296825,0.5836918413276788,0.5037251569764594,0.5277807768818087,0.44538433247517467,0.2822170900692841,3414,31.78023773199189,0.8491259964616747,0.15182024965325935,5438,2.411319600244748,0.5586039366984603,0.6587819573423783,0.2741816844428099,1009.8488328189424,18.061248220556926,True,0.10000057953091761,0.9695127863598553,0.004085104949409209,901639.6670350824,0.24999532357378662,22.540570030739666,36.47821294060262,0.3842547140528882,0.32039325821499404,0.35226768632423494,0.5546156675248253,0.6300961953158695,0.0,"electronic TP: 7346 components, none spanning along axis 0",e62b8644bf,129.97180032730103,0.06407865164299881,0.11777975034674064,2.8181414905938795,0.005035123690630307,0.007340495730815762,0.4928815780458668,7.730838060379028,4.230766773223877,103.53965353965759,13.946425437927246,0.5231835842132568,0.11777975034674064,0.2967116542702819,824.045460975312,656.9125672225143,5.423321050521824,0.6832011119951329,-0.04498736929699253,0.49566201549978894,264.6511212051256,0.22512223662781652,-0.2291741002002472,0.05526843208790192,-0.00031369392692252016,22.677573442459106
img_ufdvpb81,3,0.23168301974417785,0.25860316458885096,0.07527454111709155,True,0.08651088317972541,0.1021325157466229,1.1805741889658405,2.9892558610412716,11.55923929157573,0.9999999999564094,0.9999999996706416,False,7126,0.04820742186311844,0.9443645123364932,0.09233349697267224,0.05488799190170225,0.38510449669111635,0.6655537168560303,0.5902061855670103,0.1178909952606635,308,11.215444132194632,0.500224747961215,0.029932813276990246,1940,1.5852267280222414,0.14368972337875213,0.7825281466509026,0.651170970821816,0.16237113402061856,0.255663430420712,760,15.844166163888469,0.6792042462691513,0.06936859376677204,1940,2.4141501294219156,0.13720091995307054,0.8550257771031831,0.09226804123711341,320.00153971028857,56.997008362195054,True,0.1000011338711242,0.9252178111724318,0.004085082304286759,206471.75175900196,0.2465395857989165,5.090346015784105,11.55923929157573,0.4523792306537414,0.31488540905861256,0.32516189214501673,0.8376288659793815,0.6772974255937838,0.0,,e62b8644bf,128.60288977622986,0.06297708181172251,0.13778515199709085,2.601295137160134,0.006730964855248098,0.011760067836634367,0.1662342398270366,6.1130475997924805,4.715470790863037,110.07434892654419,7.4162437915802,0.2827768325805664,0.13778515199709085,0.3167170559206321,802.6090232601442,636.0468711807744,5.2392432566926885,0.7198544575654922,-0.0014209951819909167,0.7198544575654922,582.0172710673521,0.347546862942142,-0.07480582991881413,0.19156692371712558,44.41393596950978,21.15411400794983
img_utfgcjfa,3,0.2626962574911555,0.23927792947171803,0.059672672861972524,True,0.09099257694071276,0.09944172908320129,1.092855400149769,2.6296423017849273,10.98990745862227,0.9999999999695315,0.9999999996894599,False,7666,0.10139684536803407,0.9795129292393897,0.027828348504551365,0.029011429865550026,0.5074426608040131,0.8012253464472424,0.46619217081850534,0.10133843212237094,76,10.220696262543166,0.6178213679782463,0.028553481237689842,562,1.5947494695933218,0.09352338431247487,0.8957191911084387,0.734881281873015,0.04804270462633452,0.229064039408867,193,15.258520374000616,0.7408231283156752,0.0626221338969049,562,2.42442448396883,0.08983976003290765,0.9207072832101707,0.033807829181494664,304.24037597315885,59.94973670553093,True,0.1791609448021618,0.9616246770473694,0.002280144608729545,118622.94113775379,0.2582186312910854,3.063065350031377,10.98990745862227,0.5438601854762982,0.3336528192995775,0.5618521026433676,0.9519572953736655,0.7672195434935623,0.0,,e62b8644bf,191.9376621246338,0.0667305638599155,0.12235839656371754,4.494816821146941,0.003960107990298295,0.0057409464476946585,0.37027266097072115,9.674110412597656,7.633651971817017,163.46131539344788,10.655414342880249,0.5103633403778076,0.12235839656371754,0.3012903004872588,826.5080573978167,658.0011637645824,5.461958624711032,0.7264396483906564,-0.005498727382246507,0.7078259992735827,591.1528848685314,0.36201596408732456,-0.07985492051204018,0.17432226544223842,55.41857600094415,20.84902262687683
img_vc2whyaq,3,0.2806333482843501,0.26789887119802086,0.059725756525143406,True,0.09410502428759024,0.11203337473921605,1.1905142747409083,2.846807311576764,10.626425183675037,0.9999999999605457,0.9999999997031105,False,7895,0.07514090314604374,0.973425287507566,0.02297721916732129,0.027249497405497786,0.5946940837060256,0.7855311256994306,0.3689839572192513,0.13513513513513514,71,9.526985337743668,0.573935331230284,0.028330087488512363,374,1.5961661060915826,0.09101604587129453,0.8738946314633995,0.7050631409488064,0.06149732620320856,0.24812030075187969,138,12.808558406367522,0.8014484237517076,0.06080844207189961,374,2.4260370639055595,0.08796126203853155,0.9176233432186669,0.02406417112299465,294.1778723164275,62.00034792271525,True,0.18749401200226234,0.8976895101200034,0.0021788048483415653,116549.4128122625,0.26014307804277415,3.0319522993059906,10.626425183675037,0.4834390360934756,0.3367874082069484,0.39519228244044674,0.9385026737967914,0.5189931828375646,0.0,,e62b8644bf,108.9828622341156,0.06735748164138969,0.11968848547858316,3.161538259523574,0.004186507550792298,0.00897398440904018,0.2777459253636434,5.20607590675354,4.086045026779175,92.97182965278625,6.268700122833252,0.44928407669067383,0.11968848547858316,0.29862038940212443,830.6204495950376,661.7887394195005,5.507400034281197,0.7307331548686786,-0.0037488330549322463,0.7241612554776927,569.8661460784912,0.36137779469851494,-0.08406092745791405,0.1826501863154088,35.017951725857415,20.918628692626953
img_x77cy643,3,0.2588774823524468,0.2352369356128343,0.06509715969224747,True,0.08679235292963265,0.09950611565623677,1.1464848261103355,2.7103417256535707,11.521752392296072,0.9999999999681363,0.9999999997115889,False,7441,0.1251463062489345,0.9773622840668225,0.026032079936891928,0.02882341602847082,0.5597057631493151,0.8209847446749834,0.40425531914893614,0.08695652173913043,51,9.08438858323059,0.3868966544649698,0.03205147345872137,423,1.5964899661943466,0.10866959084947041,0.8628891236703521,0.7231035290595996,0.07328605200945626,0.20512820512820512,130,12.691728732151926,0.7248888422084515,0.06728022534015016,423,2.4263108681579517,0.10353581653808724,0.9075414484067604,0.03309692671394799,318.96376679237704,57.18245247164704,True,0.09999680640120659,0.944407617919317,0.004085259090640434,128136.95560399145,0.27898417514964113,3.574818286536574,11.521752392296072,0.47141036590069074,0.3681268756966648,0.4187084797638459,0.9267139479905437,0.2714577645645296,0.0,,e62b8644bf,175.7880585193634,0.07362537513933297,0.12108231506702366,3.349667838110767,0.0037922252303140514,0.010065184166264599,0.23665608248986733,6.039370775222778,5.07936954498291,152.23262071609497,11.931274175643921,0.5023648738861084,0.12108231506702366,0.3000142189905649,845.2570934172938,673.1778832446504,5.68367291945067,0.7398054702153086,-0.0031073049252911197,0.7324137870779744,582.4351759518764,0.38078834584052096,-0.08034153357039986,0.19950640935412234,43.37487790539929,20.754444122314453
img_x7u69zsw,3,0.2804831342064123,0.22428794262463433,0.15690075327371536,True,0.05009192678289299,0.06613580641888522,1.3202887304680686,4.477526759885616,19.96329676704535,0.9999999999560428,0.9999999995919222,False,8682,0.026572097093692886,0.7658171640786888,0.256430980617685,0.1696432107076387,0.26050819927224056,0.5773517578343148,0.7193866834698592,0.13612850530901172,1179,13.924023578987796,0.5704118695634692,0.05355071136349759,4761,1.5802966473582587,0.3729507385261157,0.5937303629658072,0.6127113468748565,0.3488762864944339,0.3155737704918033,2656,24.937068819285987,0.7846304785923892,0.13626760367921753,4761,2.398639634895559,0.3553488694412545,0.7230929336160328,0.21403066582650704,552.6562381837413,33.00266815900603,True,0.17500101417910582,0.9862442086088782,0.002334345685376691,560079.8024677078,0.3381336909869136,18.93818508556275,19.96329676704535,0.4856883184467205,0.47485079698362664,0.40396205813635083,0.6511237135055661,0.7591719949878951,0.0,,e62b8644bf,159.67842864990234,0.09497015939672533,0.11115894503653087,3.2316964650908067,0.007331085398058555,0.005026286701153463,0.3255040606624592,9.804410934448242,7.892287969589233,131.46763634681702,10.219767093658447,0.29340147972106934,0.11115894503653087,0.2900908489600721,909.7362445203684,726.597946180884,6.305272542905292,0.7521027389458445,-0.01689957570855196,0.6718534293279292,438.0191554481099,0.35307173527212327,-0.1667834381469198,0.11853652553407093,0.13217864979313293,21.241445064544678
img_xgj4xftb,3,0.2612395531867899,0.22528860873352657,0.08524119418824228,True,0.07674351086706954,0.10074089097874066,1.3126958858220328,2.9356046679146313,13.030417669216872,0.9999999999806795,0.9999999997433321,False,4158,0.030804955593545846,0.9309444390714672,0.1417494778150516,0.07403932138493897,0.357096148020809,0.6430237470677936,0.6260037059913527,0.11794685111030215,552,10.434852306459575,0.5028921905567599,0.03224245829236699,3238,1.5714576509557912,0.19402496315981713,0.7502012556156334,0.6486143976797185,0.19950586781964175,0.2704960835509138,1384,14.598801889127285,0.6748329004329005,0.07587887867863523,3238,2.4005070412109775,0.184383540939834,0.8359795145107838,0.11426806670784435,360.72907671843313,50.56185268097796,True,0.45416394883516187,0.7781087446628966,0.0008994832448354678,283011.01708660147,0.24483439072060229,6.929082993561604,13.030417669216872,0.508315897338647,0.31218145984794443,0.5696981999788985,0.8004941321803583,0.8498921335099723,0.0,,e62b8644bf,78.92268371582031,0.062436291969588886,0.12177422013850259,4.557585599831188,0.0111779037738739,0.02366670918223668,0.9087207259830383,6.863802671432495,5.439488649368286,60.887105226516724,5.219207763671875,0.5123622417449951,0.12177422013850259,0.30070612406204383,816.1378751909613,649.8559153342799,5.336428583423786,0.7178643252648365,-0.007320476048510417,0.687138773745681,567.3515328523334,0.33999209962478943,-0.08946791546171387,0.14621020908857998,38.07812306669929,20.78905940055847
