sample_id,D_eff_rel_TP_L_solid,tau_p_L_solid,D_eff_rel_TP_L_pore,tau_p_L_pore,D_eff_rel_TP_Dc0.02_L_mid,D_eff_rel_TP_Dc0.02_L_solid,D_eff_rel_TP_Dc0.02_L_pore,D_eff_rel_TP_Dc0.05_L_mid,D_eff_rel_TP_Dc0.05_L_solid,D_eff_rel_TP_Dc0.05_L_pore,D_eff_rel_TP_Dc0.1_L_mid,D_eff_rel_TP_Dc0.1_L_solid,D_eff_rel_TP_Dc0.1_L_pore,pore_closure_frac_2.43_L_solid,constraint_index_2.43_L_solid,buffer_sufficiency_frac_2.43_L_solid,pore_closure_frac_2.43_L_pore,constraint_index_2.43_L_pore,buffer_sufficiency_frac_2.43_L_pore,Q_C10_Ah_eps-SE,Q_CC_1C_over_Q_C10_eps-SE,min_eta_sep_1C_V_eps-SE,cap_at_eta0_1C_over_Q_C10_eps-SE,min_ce_1C_molm3_eps-SE,Q_CC_3C_over_Q_C10_eps-SE,min_eta_sep_3C_V_eps-SE,cap_at_eta0_3C_over_Q_C10_eps-SE,min_ce_3C_molm3_eps-SE,Q_C10_Ah_eps+SE,Q_CC_1C_over_Q_C10_eps+SE,min_eta_sep_1C_V_eps+SE,cap_at_eta0_1C_over_Q_C10_eps+SE,min_ce_1C_molm3_eps+SE,Q_CC_3C_over_Q_C10_eps+SE,min_eta_sep_3C_V_eps+SE,cap_at_eta0_3C_over_Q_C10_eps+SE,min_ce_3C_molm3_eps+SE,Q_C10_Ah_f_si-SE,Q_CC_1C_over_Q_C10_f_si-SE,min_eta_sep_1C_V_f_si-SE,cap_at_eta0_1C_over_Q_C10_f_si-SE,min_ce_1C_molm3_f_si-SE,Q_CC_3C_over_Q_C10_f_si-SE,min_eta_sep_3C_V_f_si-SE,cap_at_eta0_3C_over_Q_C10_f_si-SE,min_ce_3C_molm3_f_si-SE,Q_C10_Ah_f_si+SE,Q_CC_1C_over_Q_C10_f_si+SE,min_eta_sep_1C_V_f_si+SE,cap_at_eta0_1C_over_Q_C10_f_si+SE,min_ce_1C_molm3_f_si+SE,Q_CC_3C_over_Q_C10_f_si+SE,min_eta_sep_3C_V_f_si+SE,cap_at_eta0_3C_over_Q_C10_f_si+SE,min_ce_3C_molm3_f_si+SE,Q_C10_Ah_r_si-SE,Q_CC_1C_over_Q_C10_r_si-SE,min_eta_sep_1C_V_r_si-SE,cap_at_eta0_1C_over_Q_C10_r_si-SE,min_ce_1C_molm3_r_si-SE,Q_CC_3C_over_Q_C10_r_si-SE,min_eta_sep_3C_V_r_si-SE,cap_at_eta0_3C_over_Q_C10_r_si-SE,min_ce_3C_molm3_r_si-SE,Q_C10_Ah_r_si+SE,Q_CC_1C_over_Q_C10_r_si+SE,min_eta_sep_1C_V_r_si+SE,cap_at_eta0_1C_over_Q_C10_r_si+SE,min_ce_1C_molm3_r_si+SE,Q_CC_3C_over_Q_C10_r_si+SE,min_eta_sep_3C_V_r_si+SE,cap_at_eta0_3C_over_Q_C10_r_si+SE,min_ce_3C_molm3_r_si+SE,Q_C10_Ah_tau-SE,Q_CC_1C_over_Q_C10_tau-SE,min_eta_sep_1C_V_tau-SE,cap_at_eta0_1C_over_Q_C10_tau-SE,min_ce_1C_molm3_tau-SE,Q_CC_3C_over_Q_C10_tau-SE,min_eta_sep_3C_V_tau-SE,cap_at_eta0_3C_over_Q_C10_tau-SE,min_ce_3C_molm3_tau-SE,Q_C10_Ah_tau+SE,Q_CC_1C_over_Q_C10_tau+SE,min_eta_sep_1C_V_tau+SE,cap_at_eta0_1C_over_Q_C10_tau+SE,min_ce_1C_molm3_tau+SE,Q_CC_3C_over_Q_C10_tau+SE,min_eta_sep_3C_V_tau+SE,cap_at_eta0_3C_over_Q_C10_tau+SE,min_ce_3C_molm3_tau+SE,Q_C10_Ah_bound_L_solid,Q_CC_1C_over_Q_C10_bound_L_solid,min_eta_sep_1C_V_bound_L_solid,cap_at_eta0_1C_over_Q_C10_bound_L_solid,min_ce_1C_molm3_bound_L_solid,Q_CC_3C_over_Q_C10_bound_L_solid,min_eta_sep_3C_V_bound_L_solid,cap_at_eta0_3C_over_Q_C10_bound_L_solid,min_ce_3C_molm3_bound_L_solid,Q_C10_Ah_bound_L_pore,Q_CC_1C_over_Q_C10_bound_L_pore,min_eta_sep_1C_V_bound_L_pore,cap_at_eta0_1C_over_Q_C10_bound_L_pore,min_ce_1C_molm3_bound_L_pore,Q_CC_3C_over_Q_C10_bound_L_pore,min_eta_sep_3C_V_bound_L_pore,cap_at_eta0_3C_over_Q_C10_bound_L_pore,min_ce_3C_molm3_bound_L_pore
img_4ih2ggld,0.018250587849572727,6.680070436593555,0.03290671773984,9.673031669715028,0.009648785473049854,0.007630921665753739,0.015711100589442587,0.02197991051035078,0.018250587849572727,0.03290671773984,0.039659028852102506,0.03470439196904052,0.05514127935940559,0.4452778227766078,0.8548235966936105,0.09585006693440429,0.41923615053623337,0.4749639457876432,0.48706441393875394,6.309410199861055,0.6837576991846344,-0.09390491259819814,0.4208564391861633,102.54439744948348,0.18821821141227818,-0.33631971437658803,0.024298194515883477,0.001702931244408193,6.309386874915246,0.6976085957822458,-0.07910490502446636,0.4556950574700329,139.50457059715325,0.20403440414030335,-0.32369113791701415,0.029095729636844283,0.003371570438364126,6.309364222374454,0.6918257723051603,-0.08538590119077392,0.44117800963877796,122.53952480382111,0.19630443927836339,-0.32986725072520956,0.027775524326663147,0.0018485044831895686,6.309428126477707,0.6904939211355119,-0.08680537923122633,0.43277904183315224,119.41242736343828,0.19585659868826136,-0.33024465258359675,0.02559546336306468,0.003016973852421543,6.309404816876296,0.6925063209377111,-0.08465202653868288,0.44879510511660026,120.6396225450088,0.19657767703029033,-0.3296591995077934,0.02776233601654906,0.002063249911964285,6.309390974504295,0.6898427146898898,-0.08750223447752073,0.43218826436688157,121.08299671851069,0.19552281583714834,-0.3305073869335318,0.02605570505242653,0.002753335121119603,6.309400985630928,0.7130997931977912,-0.061884278318171074,0.49827347660463683,193.16115690604263,0.22568141671870387,-0.30614893816866884,0.03070574830301793,0.008729539272037052,6.309394993876185,0.6640190618014359,-0.1133455199721469,0.383095699734247,64.17386937245334,0.17390751073686098,-0.3478285452533645,0.025350285183602595,0.0005917193604616394,6.309404554809045,0.7341983167207909,-0.03739717631510556,0.5783615750160497,293.22188552385444,0.2732644972471607,-0.2638750189370052,0.03698693812754587,0.05494808230931414,6.309404349466596,0.6958853094664934,-0.08103970335993195,0.4526363938242792,134.29421154356632,0.20126131330276784,-0.32590223792627093,0.026808580586534198,0.0032308846533841344
img_5n1q8atc,0.02222564646382682,3.91898161293308,0.043834099922004675,6.793328097981636,0.01375919053671187,0.00926640044798031,0.02144354712631949,0.03061926693084811,0.02222564646382682,0.043834099922004675,0.05454173921257778,0.04251138294715264,0.0725058889807215,0.5016542784626541,0.8588766887229347,0.09243480506067647,0.41958737260750684,0.4851677705326583,0.4662986262678136,6.309477997489704,0.7137765866192257,-0.06139083654418197,0.46608273403192535,212.81056670425764,0.22949355957424264,-0.3028827995195528,0.018325061702728566,0.02695012738920047,6.309465058739652,0.719695684416872,-0.0545036059560601,0.49229278273770954,240.03525929109995,0.24271243935488943,-0.29178286115195523,0.020115886713865674,0.04039440889525018,6.309402683415581,0.7178584970258883,-0.056652516846612155,0.48840330620753936,230.40509708926567,0.23703829474980478,-0.29657299001102655,0.02127062994331737,0.024665948598332692,6.309525059249877,0.7159967532164897,-0.05882878078654517,0.47296518134601856,223.33566271796775,0.23528833709667812,-0.29807000345945284,0.017289656429465318,0.041316055233794724,6.30947454063183,0.7174263687997705,-0.05715960986521858,0.48565748019915056,226.73756801073205,0.23659892613353492,-0.2969853187853209,0.019365527649186687,0.03196148162505853,6.309468121117679,0.7162802049488922,-0.058497977555589206,0.48219091631813404,226.36840179836736,0.2356460126252007,-0.2977710878448408,0.01898544678969077,0.03368305614170929,6.30947390476072,0.7364914225735874,-0.03491539621120894,0.5713907225667976,332.6269757297121,0.28733753495791314,-0.24940821050120282,0.02350750967380691,0.24179858805002383,6.30946777529802,0.6923239640213145,-0.08517739298748604,0.40739376304517627,139.39131979854557,0.19790884303395145,-0.32848148855454334,0.0163381679212548,0.00844023455636215,6.309477087567837,0.7476478465363222,-0.022111670821019183,0.6387993176139278,419.01352048993374,0.3299625459581467,-0.19785442399373132,0.0292771463587904,2.042075562583225,6.309470720510197,0.7103554865933772,-0.06527106763136499,0.45746750200172587,199.4786699406118,0.22393019954926577,-0.3074816128503739,0.018773896565134642,0.021408262140751453
img_f1vzngrs,0.04427040447534548,1.8269891032163836,0.11633440653936825,3.1908759576005212,0.026212371170615065,0.018663471534661837,0.06512248724177093,0.05559273311186838,0.04427040447534548,0.11633440653936825,0.09614342118523224,0.08411520143849704,0.17680591292902184,0.27007174356611596,0.9574961566278097,0.013741411617738912,0.17616250387214466,0.14175558017652842,0.8664576802507837,6.303725980996901,0.7506463448162458,-0.018517030687999897,0.6592229067788511,428.88696505714057,0.34536958756722597,-0.17665302959890605,0.10123187274183831,0.07544238254207318,6.2840134822439255,0.7517327882870074,-0.016447224390078105,0.6720373355283892,447.2690439079541,0.35492884611948755,-0.1619361033938046,0.11274950591105841,0.16557244648641495,6.194784344042192,0.7472141955885663,-0.0174677179063175,0.6603297494183887,438.6406344852779,0.34506975680078394,-0.16513499864343212,0.10710922665020244,0.08706447368699573,6.3070346078882205,0.7517349219995209,-0.017443658247663647,0.6750638815232436,437.8156462949683,0.34988212166320715,-0.17104154807795793,0.10309537199802804,0.228214352321611,6.299215087764134,0.7520262970852519,-0.016773655423130973,0.670993073673428,437.35645947462933,0.35147145174857436,-0.16809582077753948,0.11291608217589365,0.0914634275291412,6.29793242731818,0.7507505116098597,-0.018140959452335535,0.6654781748297178,439.0107200875729,0.3496984474464021,-0.1702943211732928,0.1027181582674927,0.11711299393923433,6.298647747280271,0.7572805359946015,-0.011132496381267475,0.7076344553917984,496.8356048332303,0.38053212264305475,-0.13188489320717295,0.14190732292230643,3.595222463242206,6.298548330504646,0.7450592378564898,-0.024522192069877977,0.6299543409681579,385.2135030771027,0.320790294223815,-0.2085858798991601,0.08521106838935479,0.002848661654369384,6.29873224156916,0.7660180216316227,-0.0023474892846881076,0.7573686396685626,604.3514322691929,0.43471520146102044,-0.07588984602146787,0.239924607852359,62.26732790914765,6.298615640346315,0.7553398919407267,-0.013181894163057241,0.6951054761964388,476.39028006518805,0.3704568537868281,-0.14388033115379953,0.12685651391618633,1.2383302637867315
img_ffwubibz,0.05805873661986434,1.7590770036770016,0.11170500642595631,2.9817074094756255,0.03827686240200633,0.02516094461476291,0.05827711384249469,0.08042089838691881,0.05805873661986434,0.11170500642595631,0.14001298028737993,0.10877169777250048,0.18129507855926458,0.1387091564838241,0.941656248947511,0.02195121951219512,0.08363539128884663,0.43474947280490234,0.5105386416861827,5.2493717112454545,0.714239680922824,-0.0064530053911652785,0.6876391818724914,541.3458211297504,0.32457415158290315,-0.09604244425740115,0.1374388980461239,21.73749800292239,5.178478859147851,0.7119231959039622,-0.005134072356158245,0.6998738213200462,556.3565462344777,0.32599310857964847,-0.08877253931511742,0.14664020402317604,30.252867699303856,4.991794224313922,0.7001530555819908,-0.005940614161630414,0.6764682585530672,549.1575982256286,0.3054581321252513,-0.091075283890558,0.12984092949803336,28.250025180978074,5.435283577898098,0.7249561336256769,-0.005629200247192816,0.7091014115286296,548.7756071082863,0.3442267309326411,-0.09374269546258585,0.15538472305211207,23.827498612778932,5.214974649750773,0.7137982692049775,-0.005245903260411397,0.6961823471981253,548.3202531335777,0.3266462826547473,-0.09124352361868329,0.15021574993122677,24.741992048869736,5.212873255119396,0.71237315120891,-0.006339604452015549,0.6864888377736768,549.5389137181805,0.3241384822924001,-0.09333334384933983,0.1381626290488269,26.83114488779667,5.213964680581093,0.7183857173102943,-0.001542740280854403,0.7183857173102943,602.3151921769698,0.3487929698441206,-0.07156483367505916,0.1815256017062532,68.64199393014833,5.213892519842116,0.7074861053390531,-0.010535198854389471,0.650236771793212,499.6714604273612,0.30247938042821504,-0.11382361810041394,0.11402962922752838,7.084834255547799,5.213989857490227,0.7211627418345867,0.0006074471034536663,,633.8230942076726,0.3605234810750864,-0.06131364498559104,0.2099457056717396,102.7349828054402,5.213912867613752,0.7106697665772203,-0.007817147617321059,0.6708805662360762,526.6677495918351,0.31493843198886823,-0.10188456822495012,0.128324250452704,15.23729405643423
img_fzrt2k6r,0.05645264204540792,2.265000698461966,0.12169960900902986,2.878959507964779,0.038148976443102625,0.02457627298371863,0.06713001565488276,0.07844832943077625,0.05645264204540792,0.12169960900902986,0.13328446971545713,0.10471798602287727,0.18766151755112273,0.14907084785133565,0.9591348973742831,0.017251635930993457,0.12624131082423037,0.2959460767076208,0.6637881404720783,5.793139252358872,0.7409355247608655,-0.006550281120335441,0.7216629224386469,543.3304466653283,0.3690269063671486,-0.10006105583050376,0.16730216266277123,18.942664037605773,5.675550005825623,0.7376033680182674,-0.004707063035299358,0.7199849843236314,564.6839795170862,0.371181909519426,-0.08853847256545705,0.18221609847242337,30.572144292466206,5.388952059460332,0.7224442739522817,-0.005743871078883252,0.6962886219071981,554.4607138961836,0.34250955167426195,-0.09151430080331541,0.15711411163440628,27.010259178797835,6.075866845808259,0.754080940717658,-0.005478403912274506,0.7385411664221142,554.0685814093464,0.3957658315465882,-0.09689299401326151,0.19371458052583687,22.37880012919379,5.737063361084444,0.7408291648841627,-0.004340167115923901,0.7258419885460472,552.918647600828,0.3728399059003832,-0.09189753838387055,0.18622238799599755,22.70225584054964,5.731640982911655,0.7377242453895694,-0.006940742621389023,0.7187479020261127,555.1259413227956,0.36794101258259715,-0.09607767332073668,0.16577181583639694,25.95144337974801,5.734374077319883,0.7415106437075175,-0.0036288501762423778,0.7326580534454639,578.4681084161044,0.38221796534521746,-0.08296465681774705,0.19718008785382454,40.44489070369943,5.7342956145136155,0.7370196080884487,-0.007690777855561895,0.7084233742080754,530.7599142968699,0.3586706747712424,-0.10524149861421127,0.15665990107419275,13.837264765157276,5.7344195142992245,0.7440765345829874,-0.0013950999743692905,0.7440765345829874,608.5528703176492,0.39612119940599244,-0.0702148280089572,0.2255307286937217,67.91175732287822,5.734352924800049,0.7397485581423027,-0.005200346551033179,0.71836239631523,559.0967054777924,0.37266474719735554,-0.09182827265471886,0.1788266673685162,27.14188499139307
img_iv6g2oq0,0.05751594417713818,2.5206022092988727,0.08408389893696473,3.397266710072021,0.03222351750600358,0.02516265660089564,0.040525521681195165,0.07046977058380602,0.05751594417713818,0.08408389893696473,0.12530578687214416,0.1063519273303961,0.14346205940240053,0.1295633117750815,0.952082053520097,0.020999275887038378,0.11124272661099632,0.7267253781720604,0.21188260558339297,5.56879527891512,0.7283813093813677,-0.008440640231775473,0.6938993902236287,526.7927076971198,0.34316012289553066,-0.1061722151510592,0.14504551702221657,13.439583040897174,5.495113754075828,0.7261677909571799,-0.0071682574529854035,0.6960895273773406,541.0315773635883,0.34456684738349597,-0.09854153018800016,0.1535519702286347,19.144156591439636,5.122085547647076,0.7053086171015345,-0.00794404858768305,0.66691315214528,534.397087914197,0.30982340022698934,-0.09858840294999792,0.1264570590678815,19.037548782875923,5.934527772429933,0.7459219191126225,-0.007655624766709425,0.7113323420576128,533.7167410950755,0.37471170192840025,-0.1062588121130543,0.16608145334703278,14.107198543575846,5.534488915896339,0.7287391177706478,-0.006614079911338881,0.70240470041674,532.8197138685769,0.3462764449115073,-0.10023537987414348,0.156136458752594,14.700558643678077,5.529487153103165,0.725815403336847,-0.009014729133895609,0.6909635146014325,534.922170068264,0.341734760582484,-0.10416314375742393,0.1409492335461934,17.51620456037468,5.531978971727894,0.7305753754409939,-0.004907264326960266,0.7137494973343758,567.3157852096026,0.3600472448794091,-0.08723471698352324,0.17418516952527358,34.06559836768921,5.531917963750033,0.7238678450834917,-0.010890668199267511,0.6676611393115124,502.39204522950115,0.32909891154051596,-0.11685047548541257,0.12781295369802442,6.376344280685996,5.532042553794929,0.7327330888399122,-0.003063812614679265,0.7235325280020587,590.841454081259,0.3712393493998499,-0.07709652485869405,0.19450809585616138,52.84421888420401,5.531935147519744,0.7262159671764936,-0.008752463180387651,0.6888172631002137,523.7837575774648,0.33899317293491377,-0.10701470338253052,0.14258779398499835,12.425125699462463
img_uhdslk0o,0.05688020317649413,2.0841267303083915,0.11794336662035404,2.9893973663445217,0.03937456392502395,0.025030046042610207,0.06342726297137903,0.08065342694694713,0.05688020317649413,0.11794336662035404,0.13716876803252886,0.10520133180112445,0.18519041542943315,0.1933338806337739,0.9320442298431956,0.041731872717788214,0.13122129792879297,0.36466378570621755,0.5887896825396826,5.782680218257173,0.7387795352866724,-0.008127105457250837,0.7048441256785534,550.4829934804819,0.36800341775097717,-0.10017008779520158,0.15791665496053894,24.255468005899164,5.70551787647722,0.736456051394312,-0.007004239335960866,0.7150714179991016,564.3857780550259,0.3692549243135135,-0.09271621973422278,0.1674887990750401,32.418967194528086,5.513484474917557,0.7267706066578945,-0.007455533238417626,0.698124834000312,557.5305647561985,0.35051657170701495,-0.0944776242527911,0.15013247084024056,29.95275365518538,5.97364820429151,0.7476219189989738,-0.007624991869963259,0.7230335264769401,557.5536845649679,0.3859984480316901,-0.0982780774951673,0.17268816535565568,26.699682978866775,5.74732322652157,0.7395173646594507,-0.005950074452752738,0.7178649749118539,556.8702882767311,0.3713753453307853,-0.09407960926844573,0.17345561249467695,26.333129960050726,5.740911789706129,0.7358259078762525,-0.00910386516434962,0.6973975046395829,557.7993656137253,0.3662115581909405,-0.09846808299930551,0.1510235326859691,29.914073912640134,5.744149108345127,0.7406103922287991,-0.004830892225633772,0.7245543054651461,593.8151079733907,0.386558818844738,-0.0797227825029279,0.19320764776236113,55.37923758348347,5.743984728143473,0.7344860207246395,-0.010495092929690204,0.6907742974173278,522.9297483084839,0.3520118827701807,-0.1127039548053623,0.1357390539147549,12.09366812611733,5.744202534170693,0.7426788426572498,-0.0030016988896762395,0.7351407188209602,620.4259324765742,0.3985238358925111,-0.06875416467856568,0.21939167195401507,81.86825328296895,5.7440664320095935,0.736718688611826,-0.008399827696807728,0.6986608367939564,547.1383323105476,0.36354806550818614,-0.1012876469577047,0.15347196839184532,22.487133881128994
img_3806gxp0,0.061055023485340774,2.0640961268364437,0.1199836617259173,3.123127973983143,0.04692389814864672,0.027378980720549888,0.062489916373834525,0.09473343939132918,0.061055023485340774,0.1199836617259173,0.15813925229610043,0.11132138789913826,0.19170171928672472,0.1473471665028295,0.9763214723492347,0.005676442762535478,0.09292545412848136,0.8371018052530864,0.11610486891385768,5.52374842606197,0.7285654271944295,-0.006307165371998311,0.7119798753129017,564.1455793461696,0.3560602894551279,-0.0902435815578672,0.16364803154486396,32.65597914130263,5.375834641762435,0.7234541548408392,-0.004292122127749522,0.7098305845134264,588.4093372708116,0.35624245359279666,-0.07815727126084951,0.18033387086688968,51.338296603310475,5.245888171215867,0.7154895238310975,-0.005230360923655648,0.7004174703378256,576.7032462953504,0.339234575872285,-0.08268129823266025,0.1615726055058409,43.77900605525938,5.652305954881385,0.7358265363185832,-0.00532448908552105,0.7240226867407203,576.6340600357008,0.37284404597099974,-0.08520890423489347,0.18573804382206122,39.6929297104947,5.45132805943594,0.7271652950306874,-0.0044082307631933895,0.7155870636115339,576.3203069686613,0.35800162349693054,-0.08263070754544896,0.17873264219765467,40.50995651584282,5.448342359665606,0.7249949280765955,-0.006148276506556798,0.7062352651958874,576.7943812534503,0.35502467964182116,-0.08508186401823384,0.1670770433320914,42.608979285085205,5.449871218560662,0.7294835709561261,-0.00241165638485602,0.7294835709561261,615.5554342728248,0.37370072632304785,-0.06847319210780538,0.20718546414821923,77.38752838911073,5.449784882771543,0.7224548416689376,-0.008420103248727037,0.6889893623448412,539.6528996639188,0.3386814910224377,-0.10024777201522302,0.1451338498473929,19.225461577099445,5.449903459061595,0.7318726955980052,-0.00046294445076461993,0.7318726955980052,645.0148675793048,0.3847375083454356,-0.05862051901477969,0.2352024105063207,111.703098568637,5.44981346929519,0.7251166656113334,-0.006101184585062119,0.7025195759662982,566.4229015109759,0.35157258203459774,-0.08832877631791501,0.1637821493885151,34.19439242807324
img_avn74qx1,0.060547358915050725,1.8662127906291817,0.11300056854157908,3.3115311509597447,0.043303446366454966,0.02634677281737372,0.055901317788158,0.09119891343282897,0.060547358915050725,0.11300056854157908,0.15769210392676103,0.11296879543085915,0.1885514857039356,0.10238671739882393,0.9637884127011349,0.01598173515981735,0.04935600544321627,0.9024621305404027,0.049886621315192746,5.036431051580736,0.7021811803050602,-0.006433894227106253,0.6802462189586805,544.4221633164298,0.30798316401048575,-0.09275231015761995,0.13158154765614746,24.24589914574518,4.937711037789912,0.6984960000244743,-0.004656280157176847,0.6854357717244883,564.2013907862153,0.3085053972622311,-0.08382234286957871,0.14408969345862663,36.65152534795154,4.610786368347942,0.675626946659793,-0.005788486396758094,0.65517739880053,555.0635239055936,0.27193233314262777,-0.08696438155080169,0.11187039427700154,35.61836502471234,5.361322940364244,0.7215538850610561,-0.00528273355689559,0.7006248805877978,554.1729111066602,0.3413608304435915,-0.09027373441232096,0.1611116617409934,26.30482975821651,4.988878199736119,0.7018159732531877,-0.00448127147638365,0.6829153963072709,553.6193917019017,0.31110366360611147,-0.08589653823470682,0.14789975962343938,27.736834816933015,4.985162517080993,0.6987893500344707,-0.006693215501171787,0.6701308070396159,555.2579106365706,0.30615109190428785,-0.08996642637158285,0.12672010361686845,32.26266960926062,4.987127423020854,0.7064267386342827,-0.0009147257513245632,0.7064267386342827,610.709973418472,0.33130383387917267,-0.0682989401192357,0.17803013197482567,77.844519849388,4.987051590711832,0.6940484467916401,-0.010628764663036715,0.6377492910625249,503.3647789394162,0.2853752965056244,-0.10916837679902915,0.10810998187499411,8.446810655376586,4.987148286264298,0.7099011249700753,0.0016182884168758488,,647.5330231163492,0.34496371370862977,-0.056554807168730375,0.20751374183806334,119.61437775040106,4.987075411291889,0.6979706714611009,-0.007432868343647037,0.6648210859197969,534.3185093902623,0.29932488840943094,-0.09624675283132421,0.12449839792152065,19.199893118842898
img_b3esycq1,0.05310005179788272,2.4403920764488842,0.11260806372490652,3.051369395741616,0.03398857144230481,0.02332785559789231,0.0619918833724956,0.07073341263745746,0.05310005179788272,0.11260806372490652,0.12094785283504371,0.09794838731561106,0.17350403770281086,0.24635321645081854,0.9174729253554412,0.04965986394557823,0.19565022878105823,0.3248637405038655,0.6348897535667963,6.306993132485992,0.7610784343488911,-0.0075154976053871045,0.7307654224565509,526.416343526722,0.3969933879677317,-0.11444373197703372,0.17013185348916648,10.177713647365103,6.3023685737643715,0.7626327095228466,-0.005751129163398504,0.7461398623558408,546.0875691780919,0.40794695869546477,-0.10267554552884584,0.19591470065394168,17.146079598036046,6.090312872030543,0.7533510590264245,-0.006747378240506259,0.7348322736886361,536.7286794490998,0.38856809540414716,-0.10522866618770028,0.17805071219070692,14.282106337566736,6.308455339763851,0.7621680592687069,-0.0064588224972633446,0.7380257690465906,536.2159552411165,0.40082355545833487,-0.11052729804671477,0.1660104712612101,14.48241759161662,6.305911010628331,0.7626828831517727,-0.005829028238537537,0.7428627420048881,535.4436770327175,0.4036527216958186,-0.10736200404804126,0.18850483524697295,12.786492282113183,6.305701700269978,0.7611120564043242,-0.007418755959321392,0.7349839000266829,537.2654235204044,0.40160228726017344,-0.10947641610727545,0.17697456452960167,13.8197295392666,6.3058040888025015,0.7639860342941898,-0.00455925167819185,0.7525306688167204,559.8915884089332,0.4147107888269099,-0.09609987276236472,0.20486618566430806,24.736522508579498,6.305793429668711,0.759810153048295,-0.008735954401478188,0.7225486343156738,513.5613070537579,0.39107284888224353,-0.12079277546956288,0.16299079029257538,6.358410777336114,6.3058154427997595,0.7669741487764741,-0.0016796690086392577,0.7636055873078162,596.8828088138307,0.43354173496038,-0.07768384256202611,0.23936607929757503,51.393376063015324,6.3058066799572225,0.762992752693181,-0.005528566542681343,0.7483782089557394,548.7250069528637,0.40890078853877615,-0.10195507504268733,0.19389325656437814,18.833760073574428
img_epqdaau9,0.05366669125899378,1.8162414285317579,0.12383237559167212,2.960553693348737,0.02704172557065315,0.023002641214932628,0.06671175748682878,0.05724758267923322,0.05366669125899378,0.12383237559167212,0.0989439971594809,0.10103657334477255,0.1934526464322414,0.16989268441795216,0.960385940091576,0.016865776528460996,0.12262716095250259,0.16006517387342353,0.8363384188626907,5.890119232291812,0.7366465266471823,-0.014906808820621904,0.6650931213140334,446.8855805302076,0.33279017011912665,-0.14795644229012328,0.11670009295310456,0.1679178242727875,5.769617104479922,0.7343019487098604,-0.01179638938825122,0.6760596610151672,475.20918519239666,0.3375776527973035,-0.13032280622332804,0.13321391556959988,1.230408045347775,5.2881901033147924,0.7079021023106257,-0.01380569795991815,0.6345580805546917,463.53471283702464,0.2944199565275352,-0.12932298807310438,0.10423751222722134,1.1278330076155674,6.302889180952134,0.7558087475742256,-0.012828876072423001,0.701645342226188,459.3822076320558,0.3662621537129078,-0.14956065887496664,0.13800906770759122,0.3602194440419159,5.831507007105635,0.7360192714071785,-0.012888963446760618,0.678787404846013,460.7531465936691,0.3360233748825905,-0.13816211371461323,0.1289269791325963,0.4193608182881236,5.828356490604223,0.7350160627067815,-0.013742013585864507,0.664352419613667,462.02483225102594,0.3346460148717556,-0.1394298567284339,0.12016322996826377,0.5661869555059915,5.8299885635959505,0.7406104803600807,-0.008395056691080323,0.7042879602380719,505.55531578734764,0.35636679470496074,-0.11582284746904598,0.15119368272409145,5.702646651232085,5.829819045493073,0.7303692924646719,-0.018469729703337094,0.6404395086491317,420.58085593417394,0.316730168060393,-0.16121819699757847,0.10373545461125412,0.02565862378842733,5.830194570650695,0.7517365557812379,0.0015493383339340097,,625.1555207523385,0.4130919646475218,-0.061789569389466614,0.25719147688390376,87.11274114681764,5.830021936970717,0.7424532202279199,-0.006653896949483755,0.7136418761857449,522.940633654952,0.36502967808786463,-0.10704683358768094,0.16522581596125852,10.453897243125898
img_i9jiqjwl,0.023448233153534986,4.306990222628537,0.04689672524475964,7.426606535581079,0.01601210861921642,0.010039936449524986,0.023597048681845176,0.03412868441020725,0.023448233153534986,0.04689672524475964,0.05922085867578454,0.04405201105757876,0.0765211767269616,0.25139542301251894,0.9258990023377637,0.04492588369441277,0.144475658678135,0.7367161062377401,0.21131221719457013,5.954050780417166,0.7133088772278516,-0.04304693392026587,0.5323373952082936,279.301074281273,0.2495511992955625,-0.25617654896806524,0.05812728167581059,-4.204311269192419e-05,5.8516273678207265,0.7134461075393622,-0.037411668131992405,0.5509620441549399,308.4919236860282,0.26171106591869514,-0.23295491829694837,0.06530245299232032,-1.7052500729666232e-05,5.604866830295226,0.6986822028609031,-0.03967150563434209,0.5203042938030512,296.6367583503825,0.2441311246908287,-0.22695710365388955,0.0561054703377552,3.8267955786675396e-07,6.196672741673735,0.7267164905450476,-0.04051044179253623,0.5549337614724625,291.32391037999446,0.2646619712498471,-0.26264328222600575,0.06536005119098544,5.065011955404796e-09,5.904745524998119,0.7141652905133238,-0.03945675800355827,0.5450079047340659,293.76248721565946,0.25668009655026625,-0.24398064857246765,0.06454538449121591,-3.3465693593512516e-06,5.901076954160878,0.7128707625005087,-0.040686417774550905,0.5320077287141621,294.6543969779822,0.2551306885510094,-0.24528861216759568,0.058431545560642666,-1.0712357692767204e-07,5.903141030758264,0.7280378901405639,-0.024403525651245407,0.603506842714153,386.0220539419727,0.30281740419898107,-0.18752086387870137,0.08587253498607404,0.0023633331185429563,5.902617307947087,0.6961995163777533,-0.058906856323653015,0.4823479371724873,211.3457404599539,0.2163501393757753,-0.2832492819958623,0.047458198194792155,-0.00013945785861480784,5.903258530066637,0.7340497009160155,-0.018133408031284867,0.6421077758286339,430.89779420688006,0.32495374257216464,-0.15904544140256877,0.10399804885215086,0.059859096188991094,5.90273196391935,0.7042309126888134,-0.050207422270481514,0.5045437074867057,247.35451074930194,0.23247026311088204,-0.2684403009796929,0.052211575449659715,-0.0006667045074036442
img_r17byphk,0.05766437152945234,2.275768654891912,0.10171746822382642,3.554966557037208,0.04090199750885484,0.02518892690013397,0.050204578767081676,0.0863527089238817,0.05766437152945234,0.10171746822382642,0.14916593256451025,0.10698773300191472,0.1701219109390949,0.11349857645285547,0.9551149462073291,0.015350877192982455,0.09476748779850361,0.6969369458191365,0.25122083559414,5.151279229473008,0.7084850101536241,-0.006679998035731938,0.6870646164022949,535.7110145694402,0.3162068609708934,-0.09534241274185519,0.14358898958375665,17.500649682834126,5.0502563118313875,0.7048889654646375,-0.004887403296872581,0.6920254162128808,554.9165790905689,0.3169785723364074,-0.0860166150843395,0.15443758693042448,27.352648223821213,4.795807815857319,0.6877218115013889,-0.00606008662090865,0.6633044817041054,546.2030675844462,0.2887256825350644,-0.08880859171222458,0.12818938931230212,25.379823972153638,5.4042883740274235,0.7234943504664382,-0.005493374082231564,0.7057158445053582,544.8710671606827,0.3426382184040631,-0.09273903945395111,0.1644934714720129,19.68380278482471,5.102744640318357,0.70810985205236,-0.004741214258861169,0.6901681477043184,544.675620599163,0.31986507800409353,-0.08790160425374155,0.1585252434907013,19.886410905591333,5.098716458198569,0.7051187702372437,-0.006985160048703885,0.6696494319439893,546.2226359063523,0.3140866820298512,-0.09273355095749114,0.13819923205750306,24.13105030003897,5.100810340349606,0.7118816364453443,-0.0017160336448511157,0.7047683472328284,590.1103018622043,0.33604806555567435,-0.07356677176848905,0.18082706293742987,54.45066789397134,5.100746354019933,0.7014663932155426,-0.010083229513665519,0.6498409507075492,504.2480987267186,0.29751503106973404,-0.10822913541103256,0.12313176188097272,7.260275670687815,5.100844749616167,0.7160864391937497,0.0014265189160838285,,630.6435467850974,0.35188733768233477,-0.059879071493949415,0.21847607599459437,95.92604274759715,5.100777606230969,0.7059340829586397,-0.006401113080001464,0.6782332519723652,539.0429999249469,0.31375260127048776,-0.09321171100285859,0.1432914980764191,18.959311236335925
img_rxax5ozo,0.05692152050466416,1.7856010508764935,0.12202595426667846,3.0449811548219348,0.042851303493866184,0.02481291243328742,0.06362099998442562,0.0873549785800996,0.05692152050466416,0.12202595426667846,0.14767441413524315,0.10617644520317034,0.19468101042808783,0.12822157941669024,0.9647237094744321,0.017135862913096694,0.07490443965196698,0.49048669656005045,0.4409722222222222,5.5063059929970635,0.7283005539768856,-0.005800307032337679,0.7116162884327711,553.8136509752854,0.35124964313019724,-0.09316977920684666,0.15998736041277445,26.471943094352287,5.405211190776308,0.7251040223129083,-0.004198179042669475,0.70854417929067,572.7305318728365,0.35262753707708816,-0.08369207766223732,0.17066812937372725,39.0833389749647,4.966885824991688,0.6996254913414671,-0.005172377402782563,0.6754348640644781,563.6766583376486,0.30905548162476765,-0.08578504436068676,0.1363035011263958,38.0511225853346,5.936449076203828,0.7490473647616234,-0.004798743291197463,0.7382675972242855,563.2312478937048,0.3899421517426916,-0.09152229932934351,0.19266810232904805,28.747065768054643,5.4577876900833004,0.7280310697552747,-0.003966742238461933,0.714100168728561,562.5021816504192,0.3541983224237469,-0.08651270060233905,0.17335998528082325,30.892592514322164,5.453821816857287,0.7254098869441474,-0.0060388731084216815,0.7073416335495168,564.0034939904898,0.3501583017754161,-0.08988302391556834,0.15701659665119794,33.97615230016613,5.455834397007927,0.7314945705858787,-0.0010143129100045334,0.7311149744996135,616.4064261728216,0.37552324230390527,-0.06724166297464301,0.20949135055265183,79.68650258229428,5.455720848909157,0.7216366664522478,-0.009440892364057159,0.6771528610237967,514.0370781185064,0.3284367234047947,-0.11055315427194343,0.13198658785760653,9.88374020480624,5.455847593235188,0.7336122036132499,0.0006824813410336097,,642.2029462114255,0.3849539496553501,-0.05881940471960519,0.23801329762965773,109.98809388048218,5.455747127753172,0.7240476400000502,-0.0073164650949707755,0.6992875942280653,536.5915115492099,0.3391328466772666,-0.10025087315668846,0.14720604234604265,17.83044704814912
img_0grcilhi,0.04589872669122725,3.6388505850309625,0.08156855850933768,4.063657940467147,0.03138195884914661,0.021273865120885863,0.0458133846071392,0.06081017856205703,0.04589872669122725,0.08156855850933768,0.09984576350958577,0.08102799616477993,0.12549168356851786,0.22154379454429077,0.9483898598526792,0.021111380732831836,0.23962327054509086,0.6795837660701582,0.26726873321942884,5.123983053390476,0.7046455656297783,-0.008533250100572633,0.666295234412782,526.5318757110805,0.3090396638948899,-0.09958236517962488,0.13498903681030747,13.770445697315264,4.972941435393765,0.6988256835644266,-0.00600849682761035,0.6758723988858361,553.0669370036048,0.30916173700032257,-0.08636294114852376,0.15093714538145336,25.952305014101974,4.754854737508581,0.6832077355246107,-0.007409458927228739,0.6486153479776281,540.9621215295075,0.28283131438007414,-0.09041707722511685,0.1269587401172055,22.146799967418062,5.3406926135398844,0.7182961930637456,-0.007074818134015379,0.6836891215159379,539.4013834211588,0.33404938340793605,-0.09533708787384967,0.1576853000728709,17.168975595665604,5.049790393122902,0.7029249666777807,-0.006396618920731283,0.6823405908343633,539.8707091617828,0.3113147849050407,-0.09105575818014046,0.14810827953820416,18.10976051350421,5.047167414006181,0.700712730786527,-0.008070741966521425,0.6642491892247776,540.2710303340634,0.3076742581351353,-0.09410288964100469,0.13634086438918777,20.451718634102615,5.048513726177973,0.7033559370799405,-0.006007595251789795,0.675260564789593,552.3585661880755,0.31510836857715824,-0.08756898750166484,0.15190839542041373,25.603637928708583,5.048496225034904,0.7002712556335987,-0.008486703903445796,0.6538364295594281,528.132720529664,0.3038040969429708,-0.09773120637255157,0.133659075860314,14.342822830513363,5.048531555078683,0.7055378737140648,-0.004285480042273096,0.6971631445977328,570.2367040594842,0.3229700868012294,-0.08065974984398237,0.16290907685885453,37.20102367800875,5.0485077847577875,0.7024683299364204,-0.006710122085607742,0.6703114008720353,545.2097530816102,0.31181006669288025,-0.09050305985842526,0.14689340539173087,21.770950650996262
img_71vgq3fw,0.05404173982893713,2.1122993359043876,0.15237493500644986,2.5921199209346435,0.03429880121258329,0.023570087493464245,0.09474802685925597,0.0689568778431061,0.05404173982893713,0.15237493500644986,0.1152366339458505,0.10029932822032589,0.21870105692144834,0.21477130158236157,0.921092143407544,0.04203869047619048,0.1935030511542667,0.07751423007997883,0.9602230483271376,5.774490099160489,0.7380394891682481,-0.008456923103659315,0.709640263348579,518.8854975662513,0.3565284853333186,-0.11081508919701695,0.1506329019585503,9.71181054321468,5.724260338368311,0.7367460943354903,-0.007514359679397585,0.7024412469122389,528.8154516957496,0.35773114923486315,-0.10532281261853874,0.15862645278771675,12.918675111288865,5.299654871582971,0.7148215694166298,-0.008233408088190335,0.679750252174099,524.5822519265838,0.3214063715635127,-0.1034410104922356,0.133780002453382,13.556017658495199,6.190977001724972,0.75636971386054,-0.007756163259569765,0.7290123956341733,523.3943258319546,0.38913718602254105,-0.11300980665411353,0.1730502360230841,9.062595126193179,5.75110642233425,0.7382573411693008,-0.007252589431555184,0.7121834050596375,523.065366513616,0.3584867565831342,-0.10686691643791676,0.16094872263412682,10.599378001461872,5.747659813511373,0.7365358424120876,-0.008716576506622713,0.7014013293486955,524.7343939315942,0.35586834665983874,-0.10915353359684853,0.14869651830556713,11.980419079923834,5.749421518226901,0.7392545070347377,-0.006268596816245267,0.7165922640837281,542.2576768658004,0.3661700804559908,-0.09923266730810576,0.16800835191889865,18.169109961136716,5.7493414656675395,0.7355339170079519,-0.009725940394513556,0.6898595115225743,506.1695605949955,0.3486554832699622,-0.11662834854712535,0.14225697642730237,6.237669517154876,5.749556164426591,0.7461087552113297,-0.0002448185443450282,0.7461087552113297,619.2382855175003,0.40226549655147237,-0.06575189869892595,0.235826238833383,79.23274884804125,5.7494838052236705,0.7427237736013589,-0.0031623532768492585,0.7379923922022664,579.3019665758686,0.3845534628319402,-0.08199007222031089,0.1991633364173699,40.87173076271911
img_9luzk4jm,0.07022754976400288,2.359458084478427,0.14773620949596908,2.7276238011550156,0.050509378969390506,0.03324405258529199,0.08535524095645908,0.09701500752259425,0.07022754976400288,0.14773620949596908,0.15859823445710827,0.12390838971586449,0.22134229134762648,0.16334579760316056,0.9267422834999912,0.033093525179856115,0.1133486547572478,0.28006152397490447,0.6912181303116147,5.41846043649551,0.7299632916356932,-0.000731800064840013,0.7299632916356932,609.9076254467766,0.37205142764316296,-0.06751321516210038,0.21812891397264353,69.52135769955191,5.282573074874728,0.7250383919359362,0.0008284998218698811,,628.2312458154436,0.36833809207712725,-0.06012036449085685,0.22897721332472776,88.70923619624035,5.189841685573873,0.7190623421266146,2.2001970358814793e-05,,619.3459482416456,0.3558660244552307,-0.06363023373988622,0.2147963116477901,80.83989422685737,5.510789257297293,0.7355401106070504,0.00011596537361185238,,619.2641944289386,0.384200257855261,-0.0639121017208374,0.23348853895980465,77.72196698314917,5.351428827102895,0.7283962281885737,0.0006900397417777815,,619.0309934067515,0.3712637479427456,-0.06296366402139558,0.23003267658012136,78.71769868288204,5.34964759433916,0.7266931876440217,-0.0005731140457823844,0.7253805513047213,619.5966227209409,0.3693872384991143,-0.0644762636496611,0.22219157372816709,79.79618776208738,5.350551605588094,0.7287305202554889,0.000988971477219984,,631.8082298613705,0.37515070106308657,-0.05945495147564481,0.23672965086111122,92.95622051216397,5.350528399803826,0.7263379041442094,-0.0008849552967361562,0.7263379041442094,607.0558303966043,0.36542085405573954,-0.06805252025985062,0.21133683035068548,66.55214082441962,5.350560651705984,0.7302024871026965,0.002107322317448951,,647.6766576637092,0.38113151595484024,-0.054132057807130596,0.2550159141337089,112.5385877648139,5.3505392098264455,0.7278545321161976,0.0003032309398630917,,622.652533249283,0.37156950129408206,-0.06262563270946823,0.22725574182274413,82.7400935214213
img_cfe5vt7s,0.05398836212356486,2.1224557956703918,0.09375459869789422,3.374697465378975,0.03739551544415559,0.0234033124217405,0.046539316632210656,0.07915790109418837,0.05398836212356486,0.09375459869789422,0.13707957623094785,0.10065839717844678,0.15633586912960082,0.18899064972428675,0.9646714559343141,0.007597340930674264,0.12555658208239845,0.7856825519401335,0.15939278937381404,5.896106692343255,0.7436164207487275,-0.008281955669374202,0.7108663068083615,519.9252086557976,0.3661253962693615,-0.11164005400183226,0.15720049889684226,9.405070726001522,5.8326800806918175,0.7420045406639612,-0.007180121971914595,0.7142495683432221,532.026759876839,0.3676343829279276,-0.10475388814218888,0.1667897357476248,13.557502798054324,5.614039512679589,0.7312072022397841,-0.00785299752741906,0.6936103189813005,526.3796506128592,0.3478145017015159,-0.10554372199956946,0.15196478623163434,12.605926830936124,6.113849791371255,0.7534390318554934,-0.0075892572533032,0.7260792678791077,525.7828714344396,0.38494065217405155,-0.11088647201398935,0.17157129082024258,10.118516020154487,5.866365170096905,0.7437280602214873,-0.006961988246116525,0.7162947088358759,525.1160775613151,0.3683136560095813,-0.10690769038587623,0.16681369909375668,10.78574209078231,5.86251499502281,0.7418797832737383,-0.008517979743529754,0.7043837928807721,526.9888334366921,0.36558722047411557,-0.10930409382614623,0.15657086035728016,12.067965891085887,5.864506901258636,0.7473988969625243,-0.0034917175993102664,0.7413659312302496,574.6871596545562,0.3911843691953274,-0.08476551767617453,0.20132279360241542,36.2757763042891,5.864304433854209,0.7379849498145887,-0.01237256917630808,0.6762306285622044,480.9374872886306,0.34539837854224836,-0.1308503361966893,0.13139257996295078,1.756242653223215,5.86459336802743,0.7512118823158276,-0.00013441202491232263,0.7510342794078706,620.2528577937779,0.411954128459437,-0.0654898508275448,0.24606296644832956,79.19273548118633,5.864395755193998,0.7422836069403276,-0.008226136674053086,0.7122978566656277,520.7423449952005,0.3643302403977559,-0.11074439692417726,0.15858291244297,9.679520692802964
img_hawkfj64,0.058878294478634706,2.1029197198560454,0.1344101584056429,2.751124736633995,0.03734648263382661,0.02583686158519509,0.07648556063592092,0.07598239975362117,0.058878294478634706,0.1344101584056429,0.12949353552960882,0.10919952101482111,0.20484858971069556,0.11984797215408333,0.9507527775132716,0.018544935805991442,0.11918799062416809,0.08556589045062311,0.933380581148122,5.082416840352574,0.7061095131204553,-0.005428830539234972,0.6855366926691614,547.9487011868436,0.3155577654712179,-0.08996595561315042,0.14473207660391743,24.582002559990922,5.018862080066279,0.7038351091049982,-0.0042912687595731,0.6864631521221611,560.461786101147,0.31590059895668515,-0.0842567645709445,0.15203256600224227,32.248498637834665,4.8505357312119655,0.6925692144714521,-0.005056111564533346,0.6717553863497144,554.636494835873,0.2970328476209243,-0.08629822829493507,0.133411590596731,30.737158361532956,5.250159906372172,0.7164230968200432,-0.00465880116028778,0.7062131204891884,553.9300804990435,0.3335809141065206,-0.08804238324919068,0.159402569663961,26.244258911658072,5.051822566533233,0.7058510770770337,-0.004224292209128094,0.6933222274970274,553.6743184989033,0.31762993804567335,-0.0855163537950709,0.15357090925046513,26.716393071967715,5.049421432795706,0.7040085626179736,-0.00557260481215343,0.6792351113386284,554.8895427761942,0.31417621267920365,-0.08837697051970797,0.14025625076907505,29.73122902347262,5.0506605256814545,0.707769483670168,-0.0026789724206378387,0.700525050549691,578.6696385166352,0.3262341757434927,-0.077900911811523,0.1660073205792044,46.098239225633655,5.050632116175553,0.7021559877454265,-0.007114994412234191,0.6663200382612979,530.9191771765172,0.3050407490739418,-0.0966802510001281,0.1314996116213249,16.32826808870983,5.050694260198559,0.7130237495950668,0.001237299108828735,,629.2318685619339,0.3458812485257353,-0.060970427032047816,0.20637079749990603,96.27960135113594,5.050660044818865,0.7076429299559338,-0.0027751618381989807,0.7008078188679887,577.5010349977724,0.3257614095865299,-0.07831221357768343,0.1632093272548161,45.13769838322859
img_hzumfsms,0.07237586001713618,2.57843306936855,0.12390047146458943,3.049333857300954,0.04612147211558702,0.03363208688273038,0.06616843486943562,0.09284451239136988,0.07237586001713618,0.12390047146458943,0.15652233365233773,0.12886598731008064,0.1968257630701574,0.09230733132325164,0.9455878716340027,0.01652892561983471,0.07735568606884882,0.3147411107775437,0.6319018404907976,4.88670477344071,0.7018661197020153,0.000183744923127227,,616.3757179537876,0.32758690676825664,-0.06332199374728194,0.19331669056552062,79.30860075408972,4.762386831246483,0.6963330390111993,0.0017128213482924745,,633.4386611871134,0.323869766952385,-0.056171808572266266,0.2067238489188089,96.80669631337042,4.586961635946964,0.6834202120111595,0.0008379946635220792,,625.4189527608237,0.3018838373035682,-0.05983520478562969,0.178884401848338,90.95137680976993,5.061420019679504,0.7133528545053934,0.0010700651871007744,,624.8351574375423,0.3483929138910469,-0.059806124680018544,0.2211091887808366,85.49299287741651,4.825120744290808,0.6999237320897111,0.0014781870142938983,,625.0262868970032,0.32677988178343914,-0.0589210285242196,0.20333185983329025,87.47392204804362,4.824000109571108,0.6983509523690855,0.00042698803108423555,,625.1317138616462,0.32484718357425807,-0.06046710955007731,0.1951584883747896,88.43826362976164,4.8245793993652315,0.7008319164274969,0.002116856337288371,,639.5252848495792,0.33162320159975556,-0.05475316083085968,0.2129357928348169,104.1283980732018,4.824564824578504,0.6974424976373439,-0.0002327518162536374,0.6974424976373439,610.9834490182445,0.32000182218669837,-0.06461415472041321,0.18780066526876527,73.5853618699727,4.824582595591839,0.7022574938338305,0.003073278659666563,,652.063445790759,0.3365199255116481,-0.05055216307430388,0.22374219927523128,119.76292713260521,4.8245789209972285,0.6988881733380857,0.0007789403325370939,,622.9629698786918,0.32491586025617764,-0.06045526107789173,0.19665022262080667,85.72087223911358
img_kbdh4tri,0.022157252819472464,4.913661116285368,0.045584435562851744,6.817982794505573,0.016237088687876107,0.00954833426611017,0.024478154737934667,0.032806474186634405,0.022157252819472464,0.045584435562851744,0.055051315852116686,0.041088699372649216,0.071557714289958,0.4868225270581521,0.8085519445472412,0.12830121341898643,0.42841740359796215,0.44867282714703194,0.5108771929824562,5.7551581705793895,0.7087296053856594,-0.03731601798794625,0.5461167250396863,305.7855822983797,0.25695323035471035,-0.22825005384402747,0.06621225606859092,-4.5047236300123956e-05,5.677969660037112,0.7081739553199129,-0.033719858606712144,0.5541302407929329,326.8158822821816,0.26385546553365474,-0.21129781291601957,0.07041459186945612,1.2562142353649941e-05,5.549984506088458,0.699865655639856,-0.03536362928867625,0.5373521661730406,317.6918144016463,0.2526316378608356,-0.21043680854551455,0.06434172663396312,8.315533045315298e-06,5.883568634768891,0.7166936734690152,-0.035563328185251236,0.5593126918586565,315.1885438423406,0.267830990584452,-0.22922404329339202,0.0708854221508393,-9.383045458042697e-05,5.7183009247987515,0.709115585746999,-0.03490257037569871,0.5592633233115194,316.01843748226065,0.261248227015249,-0.21908277517862057,0.0722024377615418,-9.468567878240164e-05,5.714881772956372,0.7078933626872788,-0.036015905836439426,0.5442095019918094,316.8978146154618,0.2598704115138096,-0.2203680357856097,0.06403361648343577,-1.1746790109628984e-05,5.7166978693275405,0.7168645233353784,-0.026743983444826473,0.5887894684370656,369.8434607825234,0.28543220416755405,-0.18832878929843266,0.08207469564629935,0.0007971801153663071,5.716406658342844,0.6995900992037918,-0.044858152501398504,0.5162645328351202,266.63961484363074,0.2377282551282423,-0.24586275548114683,0.05895833198729679,-1.8320958639440217e-05,5.716805165718856,0.7232160424759208,-0.02027109029777665,0.622224399751232,413.58412174622475,0.3057249031085574,-0.162394471274739,0.0977041073864558,0.020636671542058494,5.716515184148501,0.7066192402521625,-0.03744228836353638,0.5386859544305733,305.0013645304146,0.25544781659079036,-0.22585050566598336,0.06536656459479197,-0.00011783898546646996
img_mgxahqnk,0.06068709126927529,2.054504016280373,0.1332099623125772,2.756797515605859,0.03995440708093739,0.02706686297676422,0.0747230133100468,0.08157707416731315,0.06068709126927529,0.1332099623125772,0.1384737419957371,0.11110660320930948,0.2037364978889139,0.17789331792797997,0.934997805675864,0.022847100175746926,0.14014808518984653,0.10755434418379282,0.9209138840070299,5.833697681679753,0.7420272887284943,-0.007210162817461528,0.7161734587310915,574.410467835915,0.38267107421976243,-0.09032921623662814,0.17866286899667613,39.16460063224187,5.720006177273064,0.7384450436476931,-0.005788080167634442,0.7177141114585756,592.5156622021875,0.3832762630408688,-0.08092651584339348,0.19038211746820335,53.65180730696746,4.994049001018614,0.7003976170917628,-0.005844216727322903,0.6775596665696973,583.4965137234894,0.31727326209755596,-0.08098048558799503,0.13712233439798957,54.82562826757468,6.3075158774105,0.7617583944965556,-0.006848599118901233,0.7359143739186194,583.8407640157932,0.4200582169706988,-0.09094554707467885,0.19594830461324972,42.66328658861168,5.780046308519799,0.742252917507579,-0.004793275025996746,0.7345520091269373,583.3036947673484,0.38581989141874007,-0.08322754532196953,0.19324784842525372,44.47681925475176,5.773695832905209,0.7384097195361817,-0.008086327004687428,0.7102848565407076,583.6400363765837,0.38063720596264805,-0.08754252954584163,0.17358055117195886,47.7870076492054,5.776905918600566,0.7423507649337261,-0.004593084163715573,0.7262077346203353,610.6223321051416,0.39606165586393416,-0.07355069567171865,0.20883487844366083,70.86632873456944,5.776781875876196,0.7381166402824686,-0.008488447868604011,0.7015766955540605,557.4861882116352,0.3701714291621992,-0.09766228348165991,0.16166909931656323,28.04603839710516,5.776946766135216,0.7442651327788354,-0.0028873476578907334,0.7397698092703194,635.990001841121,0.40651660527500155,-0.06393889069231852,0.233510478578183,99.02418921634941,5.776804684455848,0.7400551242034612,-0.006679304040476786,0.7152456197037947,581.1181354080871,0.3819067655123738,-0.08661761534539941,0.18131519819078099,44.2198617921346
img_pl8uabbv,0.05850444161759736,2.1527196652014333,0.11773415367516826,2.974610754363737,0.03912132565704604,0.025687809471261223,0.06309942264736926,0.07991194764686087,0.05850444161759736,0.11773415367516826,0.1356916083295926,0.10793917221755496,0.18537597448728263,0.13959804454101032,0.9312095223846546,0.03896103896103896,0.12089212667187572,0.2287631193223114,0.7514889009204114,5.553596241043547,0.7317677909784159,-0.004785551304927242,0.7193696601534062,553.4927193470048,0.3576116621321276,-0.09120624417900675,0.17155137760068503,24.5511072211187,5.394701265818298,0.7267902190684651,-0.0023457103252118652,0.7225730964546148,581.4598468095355,0.35869084680178887,-0.07745573325386092,0.19275469352997837,43.86456043797887,5.265092690330491,0.7184085658859307,-0.0036891258056746257,0.7084515645911882,568.1027003549626,0.34078469660288646,-0.08284839663882346,0.1705532013145267,35.65182489892776,5.680784317838246,0.7393710608097076,-0.0033687267540927074,0.7268141708278903,567.7423398134488,0.3753713527614697,-0.08507788664849646,0.19476706965404753,31.80061478916662,5.4762959618408225,0.7306942344843129,-0.0024808017064908844,0.7290709470937393,566.7783181848545,0.3612347767547593,-0.08168983840505978,0.18982043738785317,31.675495152400966,5.471956471752769,0.7278636075388905,-0.004696193627080694,0.7126938487715966,568.8976259307142,0.3562735801108211,-0.08583048791462954,0.1737928250981726,35.27401665055031,5.47414122651509,0.7324705441493845,-0.0009431233959102531,0.7289545873692812,599.7703438296019,0.37280428010390315,-0.07112024533742349,0.21016932898895818,60.61187903835282,5.474092004645666,0.7261191589829616,-0.0062792735847110245,0.7068450200773705,537.48613613919,0.343812887729354,-0.09746363324848903,0.15912721096396937,16.69454837528026,5.474174978968254,0.7348685513868339,0.0009773019037850328,,626.2049769070559,0.3831415505211169,-0.06192193620094817,0.23304516855687907,88.88593855717396,5.474136278572809,0.728713025632053,-0.004061687168057444,0.7158853211548684,561.7049192846845,0.3556167444990177,-0.08659920264530682,0.17638419501095615,29.410993829702793
img_ptg8lmto,0.05584770592790796,2.0061686692648903,0.14524922773024349,2.5636539417379396,0.03369775069131017,0.024611858531398596,0.08946081866115116,0.06907780952439661,0.05584770592790796,0.14524922773024349,0.11780673280294925,0.10362321353548555,0.21187004564819958,0.18318116777044738,0.9003896972855846,0.05963855421686747,0.1561020029489871,0.06400656328542534,0.9621848739495799,5.473665436793606,0.7239256345197433,-0.008222227378854002,0.6917588931445582,520.1326133583689,0.3335930035729727,-0.10707942984029038,0.13684847167522854,11.47931038442327,5.403738163422173,0.7218937770318568,-0.0068719478758017885,0.6967534170265022,534.8295471529023,0.33542145870975,-0.09929316595178125,0.1488459743541287,16.84158109803594,5.241159140358009,0.7123147001255862,-0.007680854967232989,0.6748734386610444,527.8888946453303,0.31813689206525086,-0.1013212903243411,0.13241382954218678,15.271362142301252,5.634447430340733,0.7327008674430475,-0.007397521772686315,0.6975567902310358,527.3275379053086,0.3501550300080464,-0.1049994477007857,0.15239097915210262,12.990303423989294,5.441110007777577,0.7241783852409214,-0.006547084673614756,0.6969272057804115,526.2828395912245,0.33701986954132,-0.10098437936078028,0.15211308251617733,12.483012704091108,5.436333224291864,0.7215354557288308,-0.008659423953303179,0.6840665792365087,528.7836694818834,0.33233814782163956,-0.10502731381932758,0.13360092161510284,15.450546961563802,5.438737401905267,0.7252930968556857,-0.005488976207850285,0.7067011216438479,550.1045857718235,0.34541925774817295,-0.09295177392934406,0.15833769006950038,24.19260176174826,5.438686816693334,0.7205156204062911,-0.009671246478159382,0.679260790139866,505.9757540008015,0.3243129151813705,-0.11306913235071744,0.1289383472716833,7.575861741779609,5.438792449556875,0.7315879375801907,-0.00026584814995247313,0.7311886550491266,617.4190788368969,0.3753369328425847,-0.06606502661835524,0.2168067873675371,81.31967273474665,5.4387416642228645,0.727188009118256,-0.0038754567078125995,0.7161083561163747,569.108169472551,0.3545824800053555,-0.08461096648015672,0.17406639121772877,36.32023313374538
img_tuy3zymq,0.020070363517496092,5.787018890529001,0.037349493452054884,8.216782096186362,0.012997818544839274,0.0087192788466684,0.01914739071571965,0.0274136236231829,0.020070363517496092,0.037349493452054884,0.046734685421922266,0.03701543522849376,0.05989164558233592,0.5138137908634097,0.802712649802269,0.13526315789473684,0.45814517674366473,0.4193517880531798,0.548431814243632,5.461668595367863,0.683134588221131,-0.04733022008157667,0.48628441468264705,254.0272769601016,0.22176209165225644,-0.23719281093254047,0.05387228234922907,-3.459104867333805e-05,5.384965209006806,0.6830934621940542,-0.042823612798239034,0.49777117129071263,275.20224473081856,0.2282798856267201,-0.2211106489598571,0.05731319788281051,-0.0004122634384481283,5.198865309096526,0.669916226608297,-0.044626292064814714,0.47486155284282405,267.11989325860105,0.21498655651278803,-0.21539846413670388,0.05299375435865781,5.9046622802023e-07,5.645308862529303,0.6952834925337976,-0.04536884728665367,0.5167625585485514,262.4397427888951,0.23409271365091486,-0.24267130247432261,0.06053064285284549,-5.695941535065639e-05,5.425459433653751,0.6842185627030242,-0.04407844176304332,0.5020367487726568,264.3861266484239,0.22607179860169607,-0.22830149077903433,0.060956276749818954,-0.00021536589048424607,5.421211972589466,0.6822049842802872,-0.04588072807922866,0.4870056413392858,265.33191529032166,0.22408561480426512,-0.23015109057359123,0.050928432276822394,-4.515588959768766e-07,5.423394942216303,0.6942797389985549,-0.03391661381788845,0.5347729746204568,325.6210164629737,0.25001118311561554,-0.19867477290444807,0.06668124748161179,3.365073188806712e-05,5.423234173389902,0.6707862150806242,-0.05735894259813895,0.455189969159956,212.7750126470924,0.20342104939671543,-0.25309495241908336,0.04823754204585689,-0.0002910433830411388,5.423467617466945,0.7023445139877792,-0.025963511838091244,0.5750422325316747,376.87866374729634,0.2704483533167513,-0.172614622674929,0.08091956332377746,0.003263828684179719,5.423273101068368,0.680458255896709,-0.04772657937899477,0.4807707172847568,251.62836114547574,0.2197391495837397,-0.23537444541061037,0.054362830410037144,-0.0002145916576630808
img_ufdvpb81,0.06176288779093053,2.435706457395107,0.12695931374629868,2.947725600832693,0.04507220946111206,0.029074489213246017,0.07285064889991036,0.08651088317972541,0.06176288779093053,0.12695931374629868,0.14018853607169174,0.10886423605551213,0.19045610256371226,0.16423604790855145,0.9386054223578062,0.02704291593180482,0.12225396137838992,0.5730718763417416,0.35473159933591586,5.290289074966711,0.7215790669612969,-0.0022032799734228933,0.7154950221102442,573.3429863426701,0.3481110030299744,-0.078428703771067,0.18512901553932848,37.48888166757881,5.188148215676919,0.7180503546382366,-0.0006815680673209687,0.7180503546382366,590.401550308081,0.346664022257064,-0.07146615972598029,0.19793511524692065,51.724985874643195,4.888282398286474,0.6991929064330444,-0.0018420337150896748,0.6935546752833984,582.6421093334739,0.3142570734852011,-0.07471917267710913,0.16824440831329843,49.00567918255878,5.588516654054113,0.7378166207760265,-0.001033817260758331,0.7378166207760265,581.455383241255,0.3779378716468844,-0.07556228634803948,0.21411834783073597,40.79868672571569,5.23983663637484,0.7202770739658064,-0.0011183614543637532,0.7184600066789101,581.7552388454139,0.3483652352581655,-0.07413833671873551,0.1961022332465554,43.69980638715961,5.238643814186415,0.7193875980883141,-0.0017629461276807076,0.713501962920475,582.2764352675312,0.34677237469282357,-0.07543581722027615,0.18841445881501562,45.08855692298943,5.239253328005811,0.7218791115497588,0.0001394354034477338,,600.2642523593378,0.35495196767125475,-0.0683361564261878,0.20901728208064457,61.47553506337495,5.239224916907865,0.7178025324663718,-0.0030436682209563012,0.707299792354717,564.3282941435036,0.3399503878670393,-0.08149926333818033,0.17994919873726722,30.863387846162265,5.23928067611948,0.7241950037812388,0.0018878801376691484,,622.1860250087221,0.36359268477568807,-0.060793013154433195,0.22973426922662282,84.71854910117327,5.239239153367582,0.7201850469984973,-0.0011626269921570995,0.7201850469984973,584.9398102962466,0.3487525086164278,-0.07375022811743855,0.19607998258483988,46.94751570665114
img_utfgcjfa,0.0608530988378536,1.9288735446395913,0.13662458489706342,2.7036001376641976,0.04509738787128429,0.026865342450837843,0.07424724839982044,0.09099257694071276,0.0608530988378536,0.13662458489706342,0.15268006703446688,0.1123197307540456,0.21127464003561863,0.11141260823275578,0.9492377920946616,0.01715686274509804,0.08291816864468689,0.36312638905009903,0.559610705596107,5.492435695662651,0.727514034464392,-0.005886438977487279,0.7035966839507695,586.1126162292119,0.3620012319338196,-0.08229677695492353,0.17010305147471158,51.09564756302066,5.431494051503172,0.7253448857680294,-0.005121527983793152,0.7062870581324733,596.0504545237056,0.36189009898886415,-0.07754694442822904,0.17783194173203562,59.81421048444633,5.288571394941503,0.7176434700052863,-0.005359781889120119,0.708523592462298,591.0620898493994,0.34728344226469976,-0.07899000849007758,0.1648024037526017,57.37009528121298,5.6351578475503405,0.7347085765671235,-0.0056184269348788715,0.7168134255468858,591.122383775416,0.37594407155002324,-0.08083140546939298,0.18410290328427537,53.6604616555004,5.4635635398813776,0.7276138149736007,-0.004559868114209761,0.722150207273613,590.9900409314234,0.3634879118945608,-0.0786899055051036,0.17950170403646973,54.46601695560789,5.460367460720766,0.7253431458822605,-0.006380733066118402,0.7024118715026726,591.1854058970906,0.360612352374978,-0.08098660799147922,0.16834511561678617,56.3036351198008,5.462000587147546,0.7288681079167436,-0.0034349513155890535,0.7226565500703439,621.2418504123862,0.3750649023548908,-0.06816433786722653,0.20185783877891034,84.96192050166624,5.461924327584773,0.7239309901380936,-0.007674335056889567,0.6899331553179655,562.1430327860763,0.34810095863361185,-0.09247500509947765,0.1508214227319746,33.1293672866689,5.462030954072094,0.7308401216689288,-0.0018008482806013831,0.7295623202969297,646.5025785812197,0.3844195998305315,-0.05982042472078579,0.22740133329229828,115.11976354762716,5.461950996169566,0.7259673779342231,-0.0059019046634758016,0.7082461838377009,585.5580574505789,0.35937108927594985,-0.08223323298935528,0.17060755774699266,50.570163931112496
img_vc2whyaq,0.05931278423154484,1.9614198352826968,0.12648321750319094,3.098094544121636,0.0479360563274073,0.026440443689856437,0.06858815869492743,0.09410502428759024,0.05931278423154484,0.12648321750319094,0.1561388739229517,0.10916510631888308,0.19892005911800928,0.13938742917981672,0.9539128764675804,0.005571030640668524,0.0731013462026924,0.7136809299919585,0.18518518518518517,5.539895020437557,0.7317625763541328,-0.0042073767582910745,0.7211064980037584,564.0878754457613,0.3610775360991908,-0.08696383386671083,0.17747399372479014,31.095688578663978,5.474979062735867,0.7297268977166965,-0.0032455297735078867,0.7222575787641302,575.4379073857971,0.36157700449380165,-0.08129052967922261,0.1863859388238529,39.14344444438141,5.234231796654785,0.7164973604071058,-0.0038968398698137133,0.7021148064017526,570.0327049886871,0.3380782225121112,-0.08270468155349495,0.16454219563214387,37.80645515968554,5.776648964225993,0.7434667641271733,-0.0035695638956537087,0.7292860185840357,569.6753457807562,0.3828864086245423,-0.08567184779408063,0.1987659129441826,32.75478469470781,5.508680024146588,0.7315650685879184,-0.003086302985411578,0.723514151239864,569.2101642620731,0.36276506633690875,-0.08289764640980805,0.18688158834617713,34.01246274968118,5.506156226214733,0.7298933833842566,-0.004404785339917568,0.715246495819624,570.3784213580743,0.36006537451501736,-0.08514773334250647,0.17827178445515907,35.97306791412853,5.507433382058998,0.7349191561552184,-0.0002642868965854403,0.7349191561552184,614.5449079530574,0.3808999864809198,-0.06651654398396911,0.220925990001789,75.85525347778095,5.507359582484848,0.7263461004533998,-0.007542335694888595,0.6899331398082715,527.6504550703831,0.3408613885270509,-0.10309674248394861,0.15024186835238462,13.098491662630137,5.507546168108242,0.7371654221160144,0.001519392196937537,,640.639879814995,0.3905316683555552,-0.05785570933132117,0.2494779825367332,106.13607783969799,5.5073920338720175,0.728822922274668,-0.005374287842413179,0.7157168576537094,550.8129799672829,0.3521750307573733,-0.09246729451573715,0.16610578850867358,23.210423327704806
img_x77cy643,0.05828260670061401,1.9926545569182836,0.12534998669382222,2.9165932862716253,0.04296193017921983,0.025469083530651335,0.06674915694685328,0.08679235292963265,0.05828260670061401,0.12534998669382222,0.14631881821153345,0.10816847933892461,0.19709908203129323,0.14364614578869686,0.9458774413315015,0.011764705882352941,0.08697664429205373,0.4563609054945138,0.4373259052924791,5.713630181757279,0.7406986058941583,-0.0035211021618402963,0.7363151600295486,577.5016963154529,0.3805900338772623,-0.08285070779782572,0.19658880724981592,39.44726659953194,5.6539301122944154,0.7388928926619325,-0.0027044155642860362,0.7321673796496996,587.3099461650721,0.38087510675349545,-0.07793903761098767,0.20481694846097964,47.443239338091466,5.380596280339626,0.72501344103361,-0.003225186015436407,0.7220585544825409,582.594634420095,0.3557181020881693,-0.07895178596095638,0.18265650964679694,46.42257130769997,5.983659982606687,0.7529754278901303,-0.0029839007638480936,0.7477768050373564,582.3498729235775,0.40389508282102105,-0.08200681271111358,0.21775400683637566,40.86616381871283,5.684787761272539,0.7405862971978461,-0.002471080107627928,0.7387623734006226,582.0177566650549,0.38199278305449386,-0.07933610113937455,0.20362862925565572,42.56223364386229,5.68251072580386,0.73901358371997,-0.0037487785447894023,0.7279654772263273,582.7798232978528,0.3796554877223872,-0.08129073582050418,0.1981807340569126,44.14374879277373,5.683730905973533,0.7429555778515573,-0.00041858390578575905,0.7418404977553814,618.7893317002759,0.3967433249298913,-0.06580555989145777,0.2344581464018348,78.74443840053759,5.683624128539716,0.7364958516630616,-0.0060284700247908996,0.7134586192599077,547.5762477035858,0.36365802569332634,-0.09622278463549588,0.1705171195097467,20.72828912911993,5.683789272390026,0.744650524033357,0.0009835339885772496,,639.6568250485188,0.4044516592402548,-0.05877115820867247,0.2547030906549568,103.37130061309273,5.683632441363981,0.7383442587275039,-0.004383999369860496,0.7292485237249949,566.6816063447629,0.37313007267219167,-0.0873806101001598,0.1853243596230681,31.691603762160277
img_x7u69zsw,0.03836119306543658,2.7685368740998144,0.0950401266490013,3.9497129232303485,0.02434392378875854,0.016874215630935035,0.05329134805939207,0.05009192678289299,0.03836119306543658,0.0950401266490013,0.08452554744221748,0.07060490094192855,0.1430423670188199,0.29934561267797033,0.9110748758762202,0.05191193511008111,0.2777217488517356,0.2233820128004228,0.781843128287217,6.3068756812626425,0.7506724456776589,-0.018551917702635354,0.6612885608004716,424.15056788829145,0.3448528120020314,-0.1777985791052787,0.10598164441829332,0.09153237690482081,6.2990422221767535,0.753250899986983,-0.015376718055782071,0.6819051504520733,451.32803895846877,0.3604629659158006,-0.15657519033185624,0.12784604166739308,0.20587807109053732,6.247975295167957,0.7497791160429217,-0.016952687435029208,0.6695976480314217,438.6454171899585,0.3507259548774637,-0.16367948969664137,0.12176933813387841,0.06806544017927783,6.307721202267667,0.7522423217431705,-0.0168466370274108,0.6790104506799902,437.4347452280654,0.3519864924401716,-0.16847781994455635,0.1123916609193433,0.25322719262179677,6.305450378391067,0.7527559384184959,-0.016192407356196786,0.6768076808678196,437.17290875516284,0.35396846368961826,-0.16562633469833465,0.12135582519162576,0.11620028530190657,6.305109349166685,0.7514232272648927,-0.017641923517825994,0.6647114301449197,438.8094950974763,0.35215001622255016,-0.16797811376535832,0.11398417831683785,0.14846774043702474,6.30527545731374,0.7566044852089825,-0.01206208452054646,0.703952836195294,478.6504411967164,0.37415608405065987,-0.14019683683109985,0.14019526525725415,1.3230665972070728,6.305253940340458,0.7474722413923102,-0.022014243317096713,0.6485670769565087,400.13892106068005,0.3319844270174352,-0.19477315011325402,0.10058734977546925,0.015215604983346951,6.305302487659317,0.7645673208983076,-0.0039506650226938875,0.7588737816958314,563.9582608132976,0.417278654960943,-0.0934942377296297,0.20956935274128513,26.986817863406262,6.305292839275968,0.7561319369968416,-0.012571958993138836,0.700427505871811,474.16955497088895,0.37192900313137794,-0.1428994020031788,0.13735301519410636,1.0419226726274642
img_xgj4xftb,0.06079194134049431,2.012601573518696,0.14024930611584796,2.682230240305649,0.037717934667815964,0.0271523334312137,0.08122309856623049,0.07674351086706954,0.06079194134049431,0.14024930611584796,0.1302832971963613,0.11137200731864515,0.21148657977686924,0.17029615714650154,0.9480526957317529,0.029214850882531954,0.14162926645295115,0.06242236615381595,0.9569174757281553,5.420441952907272,0.720815089574447,-0.008578662165374125,0.6877438233077845,551.9293101872757,0.33910021522044753,-0.09728781306503172,0.13767799134727252,28.155115076629716,5.252330672100786,0.71472949172144,-0.006154430374305374,0.6904528917259158,581.7943820821029,0.3401650175284942,-0.0824006923511208,0.15546491830626855,49.15998536755,4.616101591886918,0.6747246383789215,-0.006721558216829071,0.6399576874781218,567.3037747245917,0.2741652879879978,-0.08554334048702045,0.10046870929307541,47.87716800259016,6.041787713976337,0.7503050893593101,-0.007792203950325205,0.7230165568704234,567.4917076594307,0.39496658989739364,-0.09504867204987916,0.18192715389712638,32.379842949223494,5.340062351978851,0.7204844444148785,-0.005250300618898758,0.7096638190376565,566.810035032081,0.34359021667753586,-0.08651826696093522,0.16345841886397766,35.36415756185067,5.332678375270647,0.7154584782456205,-0.009236523348470395,0.6836072767546308,567.4260771035275,0.3366998103155923,-0.09214715952935706,0.1316710185364105,40.433800610094224,5.336456205087359,0.7200837707803955,-0.0054376240547455434,0.7055835077478749,592.6244824944384,0.3518886187158715,-0.07881796593469097,0.16730314154053574,58.31909839274192,5.336401239144302,0.7155501270360584,-0.009317852680415073,0.6774848854323351,543.0094358129107,0.32838820825088577,-0.1001200205716959,0.1284989760065586,23.359891903190785,5.336504106837394,0.7238333317305748,-0.002345170615690881,0.7208882089134419,639.0950560615772,0.3705540315156061,-0.062318615459376156,0.20820482015794567,106.86214820145219,5.336437541317834,0.7195519874148458,-0.005882972606648024,0.7082624140903024,586.3780440421782,0.3490248197863771,-0.0813895554149696,0.1624438065948929,52.896669420931126
